1	скажите	сказать	VERB	_	Aspect=Perf|Mood=Imp|Number=Plur|Person=2|VerbForm=Fin|Voice=Act	_	root	_	@vvp1934m-words#@vvp1934m#1.725#2.242
2	пожалуйста	пожалуйста	INTJ	_	_	_	advmod	_	@vvp1934m-words#@vvp1934m#2.242#2.759
3	/	/	PUNCT	_	_	_	punct	_	@vvp1934m-words#@vvp1934m#2.759#3.276
4	когда	когда	SCONJ	_	_	_	mark	_	@vvp1934m-words#@vvp1934m#3.276#3.793
5	/	/	PUNCT	_	_	_	punct	_	@vvp1934m-words#@vvp1934m#3.793#4.31
6	мм	мм	INTJ	_	_	_	parataxis	_	@vvp1934m-words#@vvp1934m#4.31#4.827
7	/	/	PUNCT	_	_	_	punct	_	@vvp1934m-words#@vvp1934m#4.827#5.344
8	посыпались	посыпаться	VERB	_	Aspect=Perf|Mood=Ind|Number=Plur|Tense=Past|VerbForm=Fin|Voice=Mid	_	advcl	_	@vvp1934m-words#@vvp1934m#5.344#5.861
9	обвинения	обвинение	NOUN	_	Animacy=Inan|Case=Nom|Gender=Neut|Number=Plur	_	nsubj	_	@vvp1934m-words#@vvp1934m#5.861#6.378
10	/	/	PUNCT	_	_	_	punct	_	@vvp1934m-words#@vvp1934m#6.378#6.895
11	ээ	ээ	INTJ	_	_	_	nmod	_	@vvp1934m-words#@vvp1934m#6.895#7.412
12	/	/	PUNCT	_	_	_	punct	_	@vvp1934m-words#@vvp1934m#7.412#7.929
13	в	в	ADP	_	_	_	case	_	@vvp1934m-words#@vvp1934m#7.929#8.446
14	нашу	наш	DET	_	Case=Acc|Gender=Fem|Number=Sing	_	det	_	@vvp1934m-words#@vvp1934m#8.446#8.963
15	сторону	сторона	NOUN	_	Animacy=Inan|Case=Acc|Gender=Fem|Number=Sing	_	obl	_	@vvp1934m-words#@vvp1934m#8.963#9.48
16	в	в	ADP	_	_	_	case	_	@vvp1934m-words#@vvp1934m#9.48#9.997
17	широком	широкий	ADJ	_	Case=Loc|Degree=Pos|Gender=Neut|Number=Sing	_	amod	_	@vvp1934m-words#@vvp1934m#9.997#10.514
18	применение	применение	NOUN	_	Animacy=Inan|Case=Acc|Gender=Neut|Number=Sing	_	obl	_	@vvp1934m-words#@vvp1934m#10.514#11.031
19	допинга	допинг	NOUN	_	Animacy=Inan|Case=Gen|Gender=Masc|Number=Sing	_	nmod	_	@vvp1934m-words#@vvp1934m#11.031#11.548
20	/	/	PUNCT	_	_	_	punct	_	@vvp1934m-words#@vvp1934m#11.548#12.065
21	в	в	ADP	_	_	_	case	_	@vvp1934m-words#@vvp1934m#12.065#12.582
22	нашем	наш	DET	_	Case=Loc|Gender=Masc|Number=Sing	_	det	_	@vvp1934m-words#@vvp1934m#12.582#13.099
23	спорте	спорт	NOUN	_	Animacy=Inan|Case=Loc|Gender=Masc|Number=Sing	_	obl	_	@vvp1934m-words#@vvp1934m#13.099#13.635
24	обвинения	обвинение	NOUN	_	Animacy=Inan|Case=Nom|Gender=Neut|Number=Plur	_	nsubj:pass	_	@vvp1934m-words#@vvp1934m#15.314#15.869
25	которые	который	PRON	_	Case=Nom	_	nmod	_	@vvp1934m-words#@vvp1934m#15.869#16.424
26	были	быть	AUX	_	Aspect=Imp|Mood=Ind|Number=Plur|Tense=Past|VerbForm=Fin|Voice=Act	_	aux:pass	_	@vvp1934m-words#@vvp1934m#16.424#16.979
27	поддержаны	поддержать	VERB	_	Aspect=Perf|Number=Plur|Tense=Past|Variant=Short|VerbForm=Part|Voice=Pass	_	acl	_	@vvp1934m-words#@vvp1934m#16.979#17.534
28	международным	международный	ADJ	_	Case=Ins|Degree=Pos|Gender=Masc|Number=Sing	_	amod	_	@vvp1934m-words#@vvp1934m#17.534#18.089
29	олимпийским	олимпийский	ADJ	_	Case=Ins|Degree=Pos|Gender=Masc|Number=Sing	_	amod	_	@vvp1934m-words#@vvp1934m#18.089#18.644
30	комитетом	комитет	NOUN	_	Animacy=Inan|Case=Ins|Gender=Masc|Number=Sing	_	obl	_	@vvp1934m-words#@vvp1934m#18.644#19.203
31	и	и	CCONJ	_	_	_	cc	_	@vvp1934m-words#@vvp1934m#19.878#20.395
32	в	в	ADP	_	_	_	case	_	@vvp1934m-words#@vvp1934m#20.395#20.912
33	результате	результат	NOUN	_	Animacy=Inan|Case=Loc|Gender=Masc|Number=Sing	_	obl	_	@vvp1934m-words#@vvp1934m#20.912#21.429
34	/	/	PUNCT	_	_	_	punct	_	@vvp1934m-words#@vvp1934m#21.429#21.946
35	которых	который	PRON	_	Case=Gen	_	nmod	_	@vvp1934m-words#@vvp1934m#21.946#22.463
36	/	/	PUNCT	_	_	_	punct	_	@vvp1934m-words#@vvp1934m#22.463#22.98
37	многих	много	DET	_	_	_	amod	_	@vvp1934m-words#@vvp1934m#22.98#23.497
38	наших	наш	DET	_	Case=Gen|Number=Plur	_	det	_	@vvp1934m-words#@vvp1934m#23.497#24.014
39	спортсменов	спортсмен	NOUN	_	Animacy=Anim|Case=Gen|Gender=Masc|Number=Plur	_	obl	_	@vvp1934m-words#@vvp1934m#24.014#24.531
40	дисквалифицировали	дисквалифицировать	VERB	_	Aspect=Perf|Mood=Ind|Number=Plur|Tense=Past|VerbForm=Fin|Voice=Act	_	conj	_	@vvp1934m-words#@vvp1934m#24.531#25.053
41	некоторым	некоторый	DET	_	Case=Dat|Number=Plur	_	det	_	@vvp1934m-words#@vvp1934m#26.392#26.769
42	разрешили	разрешать	VERB	_	Aspect=Perf|Mood=Ind|Number=Plur|Tense=Past|VerbForm=Fin|Voice=Act	_	xcomp	_	@vvp1934m-words#@vvp1934m#26.769#27.146
43	/	/	PUNCT	_	_	_	punct	_	@vvp1934m-words#@vvp1934m#27.146#27.523
44	на	на	ADP	_	_	_	case	_	@vvp1934m-words#@vvp1934m#27.523#27.9
45	олимпийских	олимпийский	ADJ	_	Case=Loc|Degree=Pos|Number=Plur	_	amod	_	@vvp1934m-words#@vvp1934m#27.9#28.277
46	играх	игра	NOUN	_	Animacy=Inan|Case=Loc|Gender=Fem|Number=Plur	_	obl	_	@vvp1934m-words#@vvp1934m#28.277#28.654
47	в	в	ADP	_	_	_	case	_	@vvp1934m-words#@vvp1934m#28.654#29.031
48	Южной	Южный	PROPN	_	Case=Loc|Degree=Pos|Gender=Fem|Number=Sing	_	amod	_	@vvp1934m-words#@vvp1934m#29.031#29.408
49	Корее	Корея	PROPN	_	Animacy=Inan|Case=Loc|Gender=Fem|Number=Sing	_	nmod	_	@vvp1934m-words#@vvp1934m#29.408#29.785
50	выступать	выступать	VERB	_	Aspect=Imp|VerbForm=Inf|Voice=Act	_	xcomp	_	@vvp1934m-words#@vvp1934m#29.785#30.162
51	но	но	CCONJ	_	_	_	cc	_	@vvp1934m-words#@vvp1934m#30.162#30.539
52	не	не	PART	_	_	_	advmod	_	@vvp1934m-words#@vvp1934m#30.539#30.916
53	под	под	ADP	_	_	_	case	_	@vvp1934m-words#@vvp1934m#30.916#31.293
54	своим	свой	DET	_	Case=Ins|Gender=Masc|Number=Sing	_	det	_	@vvp1934m-words#@vvp1934m#31.293#31.67
55	флагом	флаг	NOUN	_	Animacy=Inan|Case=Ins|Gender=Masc|Number=Sing	_	obl	_	@vvp1934m-words#@vvp1934m#31.67#32.047
56	и	и	CCONJ	_	_	_	cc	_	@vvp1934m-words#@vvp1934m#32.047#32.424
57	/	/	PUNCT	_	_	_	punct	_	@vvp1934m-words#@vvp1934m#32.424#32.801
58	без	без	ADP	_	_	_	case	_	@vvp1934m-words#@vvp1934m#32.801#33.178
59	своего	свой	DET	_	Case=Gen|Gender=Masc|Number=Sing	_	det	_	@vvp1934m-words#@vvp1934m#33.178#33.555
60	гимна	гимн	NOUN	_	Animacy=Inan|Case=Gen|Gender=Masc|Number=Sing	_	obl	_	@vvp1934m-words#@vvp1934m#33.555#33.942
61	ам	ам	INTJ	_	_	_	iobj	_	@vvp1934m-words#@vvp1934m#35.539#35.909
62	какая	какой	DET	_	Case=Nom|Gender=Fem|Number=Sing	_	det	_	@vvp1934m-words#@vvp1934m#35.909#36.279
63	была	быть	AUX	_	Aspect=Imp|Gender=Fem|Mood=Ind|Number=Sing|Tense=Past|VerbForm=Fin|Voice=Act	_	cop	_	@vvp1934m-words#@vvp1934m#36.279#36.649
64	ваша	ваш	DET	_	Case=Nom|Gender=Fem|Number=Sing	_	det	_	@vvp1934m-words#@vvp1934m#36.649#37.019
65	первая	первый	ADJ	_	Case=Nom|Degree=Pos|Gender=Fem|Number=Sing	_	amod	_	@vvp1934m-words#@vvp1934m#37.019#37.389
66	реакция	реакция	NOUN	_	Animacy=Inan|Case=Nom|Gender=Fem|Number=Sing	_	parataxis	_	@vvp1934m-words#@vvp1934m#37.389#37.759
67	когда	когда	SCONJ	_	_	_	mark	_	@vvp1934m-words#@vvp1934m#37.759#38.129
68	вот	вот	PART	_	_	_	advmod	_	@vvp1934m-words#@vvp1934m#38.129#38.499
69	все	весь	DET	_	Case=Nom|Gender=Neut|Number=Sing	_	det	_	@vvp1934m-words#@vvp1934m#38.499#38.869
70	это	это	PRON	_	Animacy=Inan|Case=Nom|Gender=Neut|Number=Sing	_	nsubj	_	@vvp1934m-words#@vvp1934m#38.869#39.239
71	происходило	происходить	VERB	_	Aspect=Imp|Gender=Neut|Mood=Ind|Number=Sing|Tense=Past|VerbForm=Fin|Voice=Act	_	advcl	_	@vvp1934m-words#@vvp1934m#39.239#39.609
72	/	/	PUNCT	_	_	_	punct	_	@vvp1934m-words#@vvp1934m#39.609#39.979
73	вы	вы	PRON	_	Case=Nom|Number=Plur|Person=2	_	nsubj	_	@vvp1934m-words#@vvp1934m#39.979#40.349
74	помните	помнить	VERB	_	Aspect=Imp|Mood=Ind|Number=Plur|Person=2|Tense=Pres|VerbForm=Fin|Voice=Act	_	conj	_	@vvp1934m-words#@vvp1934m#40.349#40.719
75	?	?	PUNCT	_	_	_	punct	_	@vvp1934m-words#@vvp1934m#40.719#41.1
76	давайте	давать	VERB	_	Aspect=Imp|Mood=Imp|Number=Plur|Person=2|VerbForm=Fin|Voice=Act	_	xcomp	_	@vvp1934m-words#@vvp1934m#45.325#45.814
77	у	у	ADP	_	_	_	case	_	@vvp1934m-words#@vvp1934m#149.425#149.943
78	норвежцев	норвежец	NOUN	_	Animacy=Anim|Case=Gen|Gender=Masc|Number=Plur	_	obl	_	@vvp1934m-words#@vvp1934m#149.943#150.461
79	/	/	PUNCT	_	_	_	punct	_	@vvp1934m-words#@vvp1934m#150.461#150.979
80	лыжников	лыжник	NOUN	_	Animacy=Anim|Case=Gen|Gender=Masc|Number=Plur	_	nmod	_	@vvp1934m-words#@vvp1934m#150.979#151.5
81	все-таки	все-таки	PART	_	_	_	advmod	_	@vvp1934m-words#@vvp1934m#183.375#183.813
82	я	я	PRON	_	Case=Nom|Number=Sing|Person=1	_	nsubj	_	@vvp1934m-words#@vvp1934m#183.813#184.251
83	вас	вы	PRON	_	Case=Acc|Number=Plur|Person=2	_	obj	_	@vvp1934m-words#@vvp1934m#184.251#184.689
84	спрошу	спросить	VERB	_	Aspect=Perf|Mood=Ind|Number=Sing|Person=1|Tense=Pres|VerbForm=Fin|Voice=Act	_	ccomp	_	@vvp1934m-words#@vvp1934m#184.689#185.127
85	/	/	PUNCT	_	_	_	punct	_	@vvp1934m-words#@vvp1934m#185.127#185.565
86	мм	мм	INTJ	_		_	obl	_	@vvp1934m-words#@vvp1934m#185.565#186.003
87	/	/	PUNCT	_	_	_	punct	_	@vvp1934m-words#@vvp1934m#186.003#186.441
88	то	то	DET	_	Case=Nom|Gender=Neut|Number=Sing	_	mark	_	@vvp1934m-words#@vvp1934m#186.441#186.879
89	что	что	PRON	_	Case=Nom	_	nsubj	_	@vvp1934m-words#@vvp1934m#186.879#187.317
90	произошло	произойти	VERB	_	Aspect=Perf|Gender=Neut|Mood=Ind|Number=Sing|Tense=Past|VerbForm=Fin|Voice=Act	_	conj	_	@vvp1934m-words#@vvp1934m#187.317#187.755
91	/	/	PUNCT	_	_	_	punct	_	@vvp1934m-words#@vvp1934m#187.755#188.193
92	было	быть	AUX	_	Aspect=Imp|Gender=Neut|Mood=Ind|Number=Sing|Tense=Past|VerbForm=Fin|Voice=Act	_	cop	_	@vvp1934m-words#@vvp1934m#188.193#188.631
93	или	или	CCONJ	_	_	_	cc	_	@vvp1934m-words#@vvp1934m#188.631#189.069
94	не	не	PART	_	_	_	advmod	_	@vvp1934m-words#@vvp1934m#189.069#189.507
95	было	быть	VERB	_	Aspect=Imp|Gender=Neut|Mood=Ind|Number=Sing|Tense=Past|VerbForm=Fin|Voice=Act	_	conj	_	@vvp1934m-words#@vvp1934m#189.507#189.945
96	для	для	ADP	_	_	_	case	_	@vvp1934m-words#@vvp1934m#189.945#190.383
97	вас	вы	PRON	_	Case=Gen|Number=Plur|Person=2	_	obl	_	@vvp1934m-words#@vvp1934m#190.383#190.821
98	неожиданным	неожиданный	ADJ	_	Case=Ins|Degree=Pos|Gender=Masc|Number=Sing	_	obl	_	@vvp1934m-words#@vvp1934m#190.821#191.259
99	?	?	PUNCT	_	_	_	punct	_	@vvp1934m-words#@vvp1934m#191.259#191.714
100	неожиданным	неожиданный	ADJ	_	Case=Ins|Degree=Pos|Gender=Masc|Number=Sing	_	obl	_	@vvp1934m-words#@vvp1934m#194.2#194.782
101	значит	значить	INTJ	_	_	_	discourse	_	@vvp1934m-words#@vvp1934m#223.557#224.07
102	об	о	ADP	_	_	_	case	_	@vvp1934m-words#@vvp1934m#224.07#224.583
103	этих	этот	DET	_	Case=Loc|Number=Plur	_	det	_	@vvp1934m-words#@vvp1934m#224.583#225.096
104	/	/	PUNCT	_	_	_	punct	_	@vvp1934m-words#@vvp1934m#225.096#225.609
105	на	на	INTJ	_	_	_	punct	_	@vvp1934m-words#@vvp1934m#225.609#226.122
106	/	/	PUNCT	_	_	_	punct	_	@vvp1934m-words#@vvp1934m#226.122#226.635
107	допинговых	допинговый	ADJ	_	Case=Gen|Degree=Pos|Number=Plur	_	amod	_	@vvp1934m-words#@vvp1934m#226.635#227.148
108	скандалах	скандал	NOUN	_	Animacy=Inan|Case=Loc|Gender=Masc|Number=Plur	_	parataxis	_	@vvp1934m-words#@vvp1934m#227.148#227.661
109	что	что	PART	_	_	_	amod	_	@vvp1934m-words#@vvp1934m#227.661#228.174
110	ли	ли	PART	_	_	_	advmod	_	@vvp1934m-words#@vvp1934m#228.174#228.687
111	/	/	PUNCT	_	_	_	punct	_	@vvp1934m-words#@vvp1934m#228.687#229.2
112	узнали	узнать	VERB	_	Aspect=Perf|Mood=Ind|Number=Plur|Tense=Past|VerbForm=Fin|Voice=Act	_	xcomp	_	@vvp1934m-words#@vvp1934m#229.2#229.713
113	от	от	ADP	_	_	_	case	_	@vvp1934m-words#@vvp1934m#229.713#230.226
114	людей	человек	NOUN	_	Animacy=Anim|Case=Gen|Gender=Masc|Number=Plur	_	obl	_	@vvp1934m-words#@vvp1934m#230.226#230.739
115	/	/	PUNCT	_	_	_	punct	_	@vvp1934m-words#@vvp1934m#230.739#231.252
116	которых	который	PRON	_	Case=Acc	_	obj	_	@vvp1934m-words#@vvp1934m#231.252#231.765
117	теперь	теперь	ADV	_	Degree=Pos	_	advmod	_	@vvp1934m-words#@vvp1934m#231.765#232.278
118	называют	называть	VERB	_	Aspect=Imp|Mood=Ind|Number=Plur|Person=3|Tense=Pres|VerbForm=Fin|Voice=Act	_	parataxis	_	@vvp1934m-words#@vvp1934m#232.278#232.791
119	информаторами	информатор	NOUN	_	Animacy=Anim|Case=Ins|Gender=Masc|Number=Plur	_	obl	_	@vvp1934m-words#@vvp1934m#232.791#233.307
120	ээ	ээ	INTJ	_	_	_	flat:foreign	_	@vvp1934m-words#@vvp1934m#234.339#234.743
121	/	/	PUNCT	_	_	_	punct	_	@vvp1934m-words#@vvp1934m#234.743#235.147
122	супруги	супруг	NOUN	_	Animacy=Anim|Case=Nom|Gender=Masc|Number=Plur	_	nsubj	_	@vvp1934m-words#@vvp1934m#235.147#235.551
123	Степановы	Степанов	PROPN	_	Animacy=Anim|Case=Nom|Gender=Masc|Number=Plur	_	appos	_	@vvp1934m-words#@vvp1934m#235.551#235.957
124	аа	аа	INTJ	_	_	_	nmod	_	@vvp1934m-words#@vvp1934m#237.221#237.568
125	/	/	PUNCT	_	_	_	punct	_	@vvp1934m-words#@vvp1934m#237.568#237.915
126	ну	ну	PART	_	_	_	fixed	_	@vvp1934m-words#@vvp1934m#237.915#238.262
127	и	и	PART	_	_	_	advmod	_	@vvp1934m-words#@vvp1934m#238.262#238.609
128	значит	значить	INTJ	_	_	_	discourse	_	@vvp1934m-words#@vvp1934m#238.609#238.956
129	господин	господин	NOUN	_	Animacy=Anim|Case=Nom|Gender=Masc|Number=Sing	_	obj	_	@vvp1934m-words#@vvp1934m#238.956#239.303
130	/	/	PUNCT	_	_	_	punct	_	@vvp1934m-words#@vvp1934m#239.303#239.65
131	ээ	ээ	INTJ	_	_	_	nmod	_	@vvp1934m-words#@vvp1934m#239.65#239.997
132	/	/	PUNCT	_	_	_	punct	_	@vvp1934m-words#@vvp1934m#239.997#240.344
133	Родченков	Родченков	PROPN	_	Animacy=Anim|Case=Nom|Gender=Masc|Number=Sing	_	nsubj	_	@vvp1934m-words#@vvp1934m#240.344#240.7
134	значит	значить	INTJ	_	_	_	csubj	_	@vvp1934m-words#@vvp1934m#248.078#248.32
135	/	/	PUNCT	_	_	_	punct	_	@vvp1934m-words#@vvp1934m#248.32#248.562
136	вопрос	вопрос	NOUN	_	Animacy=Inan|Case=Nom|Gender=Masc|Number=Sing	_	nsubj	_	@vvp1934m-words#@vvp1934m#248.562#248.804
137	у	у	ADP	_	_	_	case	_	@vvp1934m-words#@vvp1934m#248.804#249.046
138	меня	я	PRON	_	Case=Gen|Number=Sing|Person=1	_	obl	_	@vvp1934m-words#@vvp1934m#249.046#249.288
139	вот	вот	PART	_	_	_	advmod	_	@vvp1934m-words#@vvp1934m#249.288#249.53
140	какой	какой	DET	_	Case=Nom|Gender=Masc|Number=Sing	_	det	_	@vvp1934m-words#@vvp1934m#249.53#249.772
141	к	к	ADP	_	_	_	case	_	@vvp1934m-words#@vvp1934m#249.772#250.014
142	вам	вы	PRON	_	Case=Dat|Number=Plur|Person=2	_	obl	_	@vvp1934m-words#@vvp1934m#250.014#250.257
143	такой	такой	DET	_	Case=Nom|Gender=Fem|Number=Sing	_	det	_	@vvp1934m-words#@vvp1934m#251.703#252.202
144	/	/	PUNCT	_	_	_	punct	_	@vvp1934m-words#@vvp1934m#252.202#252.701
145	мне	я	PRON	_	Case=Dat|Number=Sing|Person=1	_	iobj	_	@vvp1934m-words#@vvp1934m#252.701#253.2
146	кажется	казаться	VERB	_	Aspect=Imp|Mood=Ind|Number=Sing|Person=3|Tense=Pres|VerbForm=Fin|Voice=Mid	_	ccomp	_	@vvp1934m-words#@vvp1934m#253.2#253.699
147	неоднозначный	неоднозначный	ADJ	_	Case=Nom|Degree=Pos|Gender=Masc|Number=Sing	_	obl	_	@vvp1934m-words#@vvp1934m#253.699#254.198
148	/	/	PUNCT	_	_	_	punct	_	@vvp1934m-words#@vvp1934m#254.198#254.697
149	вот	вот	PART	_	_	_	advmod	_	@vvp1934m-words#@vvp1934m#254.697#255.196
150	если	если	SCONJ	_	_	_	mark	_	@vvp1934m-words#@vvp1934m#255.196#255.695
151	бы	бы	PART	_	_	_	aux	_	@vvp1934m-words#@vvp1934m#255.695#256.194
152	вы	вы	PRON	_	Case=Nom|Number=Plur|Person=2	_	nsubj	_	@vvp1934m-words#@vvp1934m#256.194#256.693
153	/	/	PUNCT	_	_	_	punct	_	@vvp1934m-words#@vvp1934m#256.693#257.192
154	Ирина	Ирина	PROPN	_	Animacy=Anim|Case=Nom|Gender=Fem|Number=Sing	_	appos	_	@vvp1934m-words#@vvp1934m#257.192#257.691
155	Александровна	Александровна	PROPN	_	Animacy=Anim|Case=Nom|Gender=Fem|Number=Sing	_	appos	_	@vvp1934m-words#@vvp1934m#257.691#258.19
156	Винер-Усманова	Винер-Усманов	PROPN	_	Animacy=Anim|Case=Nom|Gender=Fem|Number=Sing	_	flat:name	_	@vvp1934m-words#@vvp1934m#258.19#258.689
157	/	/	PUNCT	_	_	_	punct	_	@vvp1934m-words#@vvp1934m#258.689#259.188
158	узнали	узнать	VERB	_	Aspect=Perf|Mood=Ind|Number=Plur|Tense=Past|VerbForm=Fin|Voice=Act	_	advcl	_	@vvp1934m-words#@vvp1934m#259.188#259.687
159	бы	бы	PART	_	_	_	aux	_	@vvp1934m-words#@vvp1934m#259.687#260.186
160	/	/	PUNCT	_	_	_	punct	_	@vvp1934m-words#@vvp1934m#260.186#260.685
161	что	что	SCONJ	_	_	_	mark	_	@vvp1934m-words#@vvp1934m#260.685#261.184
162	в	в	ADP	_	_	_	case	_	@vvp1934m-words#@vvp1934m#261.184#261.683
163	каком-то	какой-то	DET	_	Case=Loc|Gender=Masc|Number=Sing	_	det	_	@vvp1934m-words#@vvp1934m#261.683#262.182
164	виде	вид	NOUN	_	Animacy=Inan|Case=Loc|Gender=Masc|Number=Sing	_	obl	_	@vvp1934m-words#@vvp1934m#262.182#262.681
165	спорта	спорт	NOUN	_	Animacy=Inan|Case=Gen|Gender=Masc|Number=Sing	_	nmod	_	@vvp1934m-words#@vvp1934m#262.681#263.18
166	/	/	PUNCT	_	_	_	punct	_	@vvp1934m-words#@vvp1934m#263.18#263.679
167	у	у	ADP	_	_	_	case	_	@vvp1934m-words#@vvp1934m#263.679#264.178
168	нас	мы	PRON	_	Case=Gen|Number=Plur|Person=1	_	obl	_	@vvp1934m-words#@vvp1934m#264.178#264.677
169	применяют	применять	VERB	_	Aspect=Imp|Mood=Ind|Number=Plur|Person=3|Tense=Pres|VerbForm=Fin|Voice=Act	_	ccomp	_	@vvp1934m-words#@vvp1934m#264.677#265.176
170	/	/	PUNCT	_	_	_	punct	_	@vvp1934m-words#@vvp1934m#265.176#265.675
171	незаконные	незаконный	ADJ	_	Case=Acc|Degree=Pos|Number=Plur	_	amod	_	@vvp1934m-words#@vvp1934m#265.675#266.174
172	/	/	PUNCT	_	_	_	punct	_	@vvp1934m-words#@vvp1934m#266.174#266.673
173	противозаконные	противозаконный	ADJ	_	Case=Acc|Degree=Pos|Number=Plur	_	amod	_	@vvp1934m-words#@vvp1934m#266.673#267.172
174	/	/	PUNCT	_	_	_	punct	_	@vvp1934m-words#@vvp1934m#267.172#267.671
175	аа	аа	INTJ	_	_	_	obl	_	@vvp1934m-words#@vvp1934m#267.671#268.17
176	/	/	PUNCT	_	_	_	punct	_	@vvp1934m-words#@vvp1934m#268.17#268.669
177	вещества	вещество	NOUN	_	Animacy=Inan|Case=Acc|Gender=Neut|Number=Plur	_	nmod	_	@vvp1934m-words#@vvp1934m#268.669#269.168
178	/	/	PUNCT	_	_	_	punct	_	@vvp1934m-words#@vvp1934m#269.168#269.667
179	вы	вы	PRON	_	Case=Nom|Number=Plur|Person=2	_	nsubj	_	@vvp1934m-words#@vvp1934m#269.667#270.166
180	бы	бы	AUX	_	_	_	aux	_	@vvp1934m-words#@vvp1934m#270.166#270.665
181	сообщили	сообщить	VERB	_	Aspect=Perf|Mood=Ind|Number=Plur|Tense=Past|VerbForm=Fin|Voice=Act	_	parataxis	_	@vvp1934m-words#@vvp1934m#270.665#271.164
182	об	о	ADP	_	_	_	case	_	@vvp1934m-words#@vvp1934m#271.164#271.663
183	этом	это	PRON	_	Animacy=Inan|Case=Loc|Gender=Neut|Number=Sing	_	obl	_	@vvp1934m-words#@vvp1934m#271.663#272.162
184	кому-нибудь	кто-нибудь	PRON	_	Case=Dat	_	iobj	_	@vvp1934m-words#@vvp1934m#272.162#272.661
185	?	?	PUNCT	_	_	_	punct	_	@vvp1934m-words#@vvp1934m#272.661#273.189
186	сообщили	сообщить	VERB	_	Aspect=Perf|Mood=Ind|Number=Plur|Tense=Past|VerbForm=Fin|Voice=Act	_	parataxis	_	@vvp1934m-words#@vvp1934m#274.289#274.59
187	бы	бы	INTJ	_	_	_	aux	_	@vvp1934m-words#@vvp1934m#274.59#274.892
188	да	да	PART	_	_	_	advmod	_	@vvp1934m-words#@vvp1934m#304.11#304.342
189	да	да	PART	_	_	_	advmod	_	@vvp1934m-words#@vvp1934m#305.689#305.978
190	а	а	PART	_	_	_	advmod	_	@vvp1934m-words#@vvp1934m#310.914#311.292
191	считаете	считать	VERB	_	Aspect=Imp|Mood=Ind|Number=Plur|Person=2|Tense=Pres|VerbForm=Fin|Voice=Act	_	parataxis	_	@vvp1934m-words#@vvp1934m#311.292#311.67
192	ли	ли	PART	_	_	_	advmod	_	@vvp1934m-words#@vvp1934m#311.67#312.048
193	вы	вы	PRON	_	Case=Nom|Number=Plur|Person=2	_	nsubj	_	@vvp1934m-words#@vvp1934m#312.048#312.426
194	что	что	SCONJ	_	_	_	obl	_	@vvp1934m-words#@vvp1934m#312.426#312.804
195	в	в	ADP	_	_	_	case	_	@vvp1934m-words#@vvp1934m#312.804#313.182
196	том	то	DET	_	Case=Loc|Number=Sing	_	obl	_	@vvp1934m-words#@vvp1934m#313.182#313.56
197	/	/	PUNCT	_	_	_	punct	_	@vvp1934m-words#@vvp1934m#313.56#313.938
198	как	как	SCONJ	_	_	_	mark	_	@vvp1934m-words#@vvp1934m#313.938#314.316
199	наказали	наказать	VERB	_	Aspect=Perf|Mood=Ind|Number=Plur|Tense=Past|VerbForm=Fin|Voice=Act	_	acl	_	@vvp1934m-words#@vvp1934m#314.316#314.694
200	/	/	PUNCT	_	_	_	punct	_	@vvp1934m-words#@vvp1934m#314.694#315.072
201	наш	наш	DET	_	Case=Nom|Gender=Masc|Number=Sing	_	det	_	@vvp1934m-words#@vvp1934m#315.072#315.45
202	спорт	спорт	NOUN	_	Animacy=Inan|Case=Nom|Gender=Masc|Number=Sing	_	nsubj	_	@vvp1934m-words#@vvp1934m#315.45#315.828
203	/	/	PUNCT	_	_	_	punct	_	@vvp1934m-words#@vvp1934m#315.828#316.206
204	проявилась	проявиться	VERB	_	Aspect=Perf|Gender=Fem|Mood=Ind|Number=Sing|Tense=Past|VerbForm=Fin|Voice=Mid	_	conj	_	@vvp1934m-words#@vvp1934m#316.206#316.584
205	/	/	PUNCT	_	_	_	punct	_	@vvp1934m-words#@vvp1934m#316.584#316.962
206	необъективность	необъективность	NOUN	_	Animacy=Inan|Case=Nom|Gender=Fem|Number=Sing	_	nsubj	_	@vvp1934m-words#@vvp1934m#316.962#317.34
207	недружеское	недружеский	ADJ	_	Case=Nom|Degree=Pos|Gender=Neut|Number=Sing	_	amod	_	@vvp1934m-words#@vvp1934m#317.34#317.718
208	отношение	отношение	NOUN	_	Animacy=Inan|Case=Nom|Gender=Neut|Number=Sing	_	appos	_	@vvp1934m-words#@vvp1934m#317.718#318.096
209	/	/	PUNCT	_	_	_	punct	_	@vvp1934m-words#@vvp1934m#318.096#318.474
210	аа	аа	INTJ	_	_	_	nmod	_	@vvp1934m-words#@vvp1934m#318.474#318.852
211	/	/	PUNCT	_	_	_	punct	_	@vvp1934m-words#@vvp1934m#318.852#319.23
212	в	в	ADP	_	_	_	discourse	_	@vvp1934m-words#@vvp1934m#319.23#319.608
213	частности	частность	NOUN	_	Animacy=Inan|Case=Loc|Gender=Fem|Number=Sing	_	fixed	_	@vvp1934m-words#@vvp1934m#319.608#319.986
214	запада	запад	NOUN	_	Animacy=Inan|Case=Gen|Gender=Masc|Number=Sing	_	nmod	_	@vvp1934m-words#@vvp1934m#319.986#320.364
215	к	к	ADP	_	_	_	case	_	@vvp1934m-words#@vvp1934m#320.364#320.742
216	нам	мы	PRON	_	Case=Dat|Number=Plur|Person=1	_	nmod	_	@vvp1934m-words#@vvp1934m#320.742#321.12
217	чт…	что	SCONJ	_	_	_	punct	_	@vvp1934m-words#@vvp1934m#321.12#321.498
218	и	и	CCONJ	_	_	_	cc	_	@vvp1934m-words#@vvp1934m#321.498#321.876
219	не	не	PART	_	_	_	advmod	_	@vvp1934m-words#@vvp1934m#321.876#322.254
220	только	только	PART	_	_	_	advmod	_	@vvp1934m-words#@vvp1934m#322.254#322.632
221	запада	запад	NOUN	_	Animacy=Inan|Case=Nom|Gender=Fem|Number=Sing	_	nsubj	_	@vvp1934m-words#@vvp1934m#322.632#323.01
222	/	/	PUNCT	_	_	_	punct	_	@vvp1934m-words#@vvp1934m#323.01#323.388
223	и	и	CCONJ	_	_	_	cc	_	@vvp1934m-words#@vvp1934m#323.388#323.766
224	вообще	вообще	ADV	_	Degree=Pos	_	obl	_	@vvp1934m-words#@vvp1934m#323.766#324.144
225	что	что	PRON	_	Case=Acc	_	conj	_	@vvp1934m-words#@vvp1934m#324.144#324.522
226	/	/	PUNCT	_	_	_	punct	_	@vvp1934m-words#@vvp1934m#324.522#324.9
227	на	на	ADP	_	_	_	case	_	@vvp1934m-words#@vvp1934m#324.9#325.278
228	самом	самый	ADJ	_	Case=Loc|Degree=Pos|Gender=Neut|Number=Sing	_	amod	_	@vvp1934m-words#@vvp1934m#325.278#325.656
229	деле	дело	NOUN	_	Animacy=Inan|Case=Loc|Gender=Neut|Number=Sing	_	parataxis	_	@vvp1934m-words#@vvp1934m#325.656#326.034
230	/	/	PUNCT	_	_	_	punct	_	@vvp1934m-words#@vvp1934m#326.034#326.412
231	это	это	PART	_	_	_	nsubj	_	@vvp1934m-words#@vvp1934m#326.412#326.79
232	была	быть	AUX	_	Aspect=Imp|Gender=Fem|Mood=Ind|Number=Sing|Tense=Past|VerbForm=Fin|Voice=Act	_	cop	_	@vvp1934m-words#@vvp1934m#326.79#327.168
233	политика	политика	NOUN	_	Animacy=Inan|Case=Nom|Gender=Fem|Number=Sing	_	appos	_	@vvp1934m-words#@vvp1934m#327.168#327.546
234	а	а	CCONJ	_	_	_	cc	_	@vvp1934m-words#@vvp1934m#327.546#327.924
235	не	не	PART	_	_	_	advmod	_	@vvp1934m-words#@vvp1934m#327.924#328.302
236	/	/	PUNCT	_	_	_	punct	_	@vvp1934m-words#@vvp1934m#328.302#328.68
237	ээ	ээ	INTJ	_	_	_	conj	_	@vvp1934m-words#@vvp1934m#328.68#329.058
238	/	/	PUNCT	_	_	_	punct	_	@vvp1934m-words#@vvp1934m#329.058#329.436
239	спорт	спорт	NOUN	_	Animacy=Inan|Case=Nom|Gender=Masc|Number=Sing	_	parataxis	_	@vvp1934m-words#@vvp1934m#329.436#329.814
240	?	?	PUNCT	_	_	_	punct	_	@vvp1934m-words#@vvp1934m#329.814#330.225
241	я	я	PRON	_	Case=Nom|Number=Sing|Person=1	_	nsubj	_	@iavu1948f-words#@iavu1948f#43.207#43.531
242	вам	вы	PRON	_	Case=Dat|Number=Plur|Person=2	_	iobj	_	@iavu1948f-words#@iavu1948f#43.531#43.855
243	с	с	ADP	_	_	_	case	_	@iavu1948f-words#@iavu1948f#43.855#44.179
244	другой	другой	ADJ	_	Case=Gen|Degree=Pos|Gender=Fem|Number=Sing	_	amod	_	@iavu1948f-words#@iavu1948f#44.179#44.503
245	стороны	сторона	NOUN	_	Animacy=Inan|Case=Gen|Gender=Fem|Number=Sing	_	obl	_	@iavu1948f-words#@iavu1948f#44.503#44.827
246	подъеду	подъехать	VERB	_	Aspect=Perf|Mood=Ind|Number=Sing|Person=1|Tense=Fut|VerbForm=Fin|Voice=Act	_	conj	_	@iavu1948f-words#@iavu1948f#44.827#45.153
247	вот	вот	PART	_	_	_	advmod	_	@iavu1948f-words#@iavu1948f#45.817#46.2
248	например	например	ADV	_	Degree=Pos	_	obl	_	@iavu1948f-words#@iavu1948f#46.2#46.583
249	китайцы	китаец	NOUN	_	Animacy=Anim|Case=Nom|Gender=Masc|Number=Plur	_	nsubj	_	@iavu1948f-words#@iavu1948f#46.583#46.966
250	строят	строить	VERB	_	Aspect=Imp|Mood=Ind|Number=Plur|Person=3|Tense=Pres|VerbForm=Fin|Voice=Act	_	advcl	_	@iavu1948f-words#@iavu1948f#46.966#47.349
251	дом	дом	NOUN	_	Animacy=Inan|Case=Acc|Gender=Masc|Number=Sing	_	obj	_	@iavu1948f-words#@iavu1948f#47.349#47.732
252	/	/	PUNCT	_	_	_	punct	_	@iavu1948f-words#@iavu1948f#47.732#48.115
253	за	за	ADP	_	_	_	case	_	@iavu1948f-words#@iavu1948f#48.115#48.498
254	полтора	полтора	NUM	_	Case=Acc|Gender=Masc	_	nummod:gov	_	@iavu1948f-words#@iavu1948f#48.498#48.881
255	/	/	PUNCT	_	_	_	punct	_	@iavu1948f-words#@iavu1948f#48.881#49.264
256	ээ	ээ	INTJ	_	_	_	conj	_	@iavu1948f-words#@iavu1948f#49.264#49.647
257	/	/	PUNCT	_	_	_	punct	_	@iavu1948f-words#@iavu1948f#49.647#50.03
258	месяца	месяц	NOUN	_	Animacy=Inan|Case=Gen|Gender=Masc|Number=Sing	_	obl	_	@iavu1948f-words#@iavu1948f#50.03#50.413
259	строят	строить	VERB	_	Aspect=Imp|Mood=Ind|Number=Plur|Person=3|Tense=Pres|VerbForm=Fin|Voice=Act	_	csubj	_	@iavu1948f-words#@iavu1948f#50.413#50.796
260	сь…	сь…	X	_	_	_	punct	_	@iavu1948f-words#@iavu1948f#50.796#51.179
261	пятидесятиэтажный	пятидесятиэтажный	ADJ	_	Animacy=Inan|Case=Acc|Degree=Pos|Gender=Masc|Number=Sing	_	amod	_	@iavu1948f-words#@iavu1948f#51.179#51.562
262	дом	дом	NOUN	_	Animacy=Inan|Case=Acc|Gender=Masc|Number=Sing	_	obl	_	@iavu1948f-words#@iavu1948f#51.562#51.957
263	это	это	PART	_	_	_	expl	_	@iavu1948f-words#@iavu1948f#52.503#52.706
264	что	что	PRON	_	Case=Nom	_	obl	_	@iavu1948f-words#@iavu1948f#52.706#52.909
265	?	?	PUNCT	_	_	_	punct	_	@iavu1948f-words#@iavu1948f#52.909#53.114
266	это	это	PART	_	_	_	obl	_	@iavu1948f-words#@iavu1948f#53.467#53.925
267	организация	организация	NOUN	_	Animacy=Inan|Case=Nom|Gender=Fem|Number=Sing	_	nsubj:pass	_	@iavu1948f-words#@iavu1948f#53.925#54.383
268	труда	труд	NOUN	_	Animacy=Inan|Case=Gen|Gender=Masc|Number=Sing	_	nmod	_	@iavu1948f-words#@iavu1948f#54.383#54.842
269	у	у	ADP	_	_	_	case	_	@iavu1948f-words#@iavu1948f#55.553#55.919
270	нас	мы	PRON	_	Case=Gen|Number=Plur|Person=1	_	obl	_	@iavu1948f-words#@iavu1948f#55.919#56.285
271	тоже	тоже	PART	_	_	_	advmod	_	@iavu1948f-words#@iavu1948f#56.285#56.651
272	можно	можно	ADV	_	Degree=Pos	_	conj	_	@iavu1948f-words#@iavu1948f#56.651#57.017
273	нагнать	нагнать	VERB	_	Aspect=Perf|VerbForm=Inf|Voice=Act	_	obl	_	@iavu1948f-words#@iavu1948f#57.017#57.383
274	тысячу	тысяча	NOUN	_	Animacy=Inan|Case=Acc|Gender=Fem|Number=Sing	_	obj	_	@iavu1948f-words#@iavu1948f#57.383#57.749
275	две	два	NUM	_	Animacy=Inan|Case=Acc|Gender=Fem	_	nummod:gov	_	@iavu1948f-words#@iavu1948f#57.749#58.115
276	тысячи	тысяча	NOUN	_	Animacy=Inan|Case=Gen|Gender=Fem|Number=Sing	_	nummod:gov	_	@iavu1948f-words#@iavu1948f#58.115#58.481
277	человек	человек	NOUN	_	Animacy=Anim|Case=Gen|Gender=Masc|Number=Plur	_	obl	_	@iavu1948f-words#@iavu1948f#58.481#58.847
278	на	на	ADP	_	_	_	case	_	@iavu1948f-words#@iavu1948f#58.847#59.213
279	строительство	строительство	NOUN	_	Animacy=Inan|Case=Acc|Gender=Neut|Number=Sing	_	obl	_	@iavu1948f-words#@iavu1948f#59.213#59.579
280	щас	сейчас	ADV	_	Degree=Pos	_	nmod	_	@iavu1948f-words#@iavu1948f#59.579#59.945
281	строится	строиться	VERB	_	Aspect=Imp|Mood=Ind|Number=Sing|Person=3|Tense=Pres|VerbForm=Fin|Voice=Pass	_	csubj	_	@iavu1948f-words#@iavu1948f#59.945#60.311
282	огромный	огромный	ADJ	_	Case=Nom|Degree=Pos|Gender=Masc|Number=Sing	_	amod	_	@iavu1948f-words#@iavu1948f#60.311#60.677
283	дворец	дворец	NOUN	_	Animacy=Inan|Case=Nom|Gender=Masc|Number=Sing	_	nsubj:pass	_	@iavu1948f-words#@iavu1948f#60.677#61.043
284	спорта	спорт	NOUN	_	Animacy=Inan|Case=Gen|Gender=Masc|Number=Sing	_	nmod	_	@iavu1948f-words#@iavu1948f#61.043#61.409
285	/	/	PUNCT	_	_	_	punct	_	@iavu1948f-words#@iavu1948f#61.409#61.775
286	который	который	PRON	_	Case=Nom	_	nsubj	_	@iavu1948f-words#@iavu1948f#61.775#62.141
287	должен	должный	ADJ	_	Degree=Pos|Gender=Masc|Number=Sing|Variant=Short	_	acl:relcl	_	@iavu1948f-words#@iavu1948f#62.141#62.507
288	быть	быть	AUX	_	Aspect=Imp|VerbForm=Inf|Voice=Act	_	cop	_	@iavu1948f-words#@iavu1948f#62.507#62.873
289	готов	готовый	ADJ	_	Degree=Pos|Gender=Masc|Number=Sing|Variant=Short	_	obl	_	@iavu1948f-words#@iavu1948f#62.873#63.239
290	/	/	PUNCT	_	_	_	punct	_	@iavu1948f-words#@iavu1948f#63.239#63.605
291	нету	нет	PRED	_	_	_	iobj	_	@iavu1948f-words#@iavu1948f#63.605#63.971
292	организации	организация	NOUN	_	Animacy=Inan|Case=Gen|Gender=Fem|Number=Sing	_	nmod	_	@iavu1948f-words#@iavu1948f#63.971#64.337
293	труда	труд	NOUN	_	Animacy=Inan|Case=Gen|Gender=Masc|Number=Sing	_	nmod	_	@iavu1948f-words#@iavu1948f#64.337#64.725
294	и	и	CCONJ	_	_	_	cc	_	@iavu1948f-words#@iavu1948f#66.171#66.627
295	то	тот	DET	_	Case=Nom|Gender=Neut|Number=Sing	_	nsubj	_	@iavu1948f-words#@iavu1948f#66.627#67.083
296	же	же	PART	_	_	_	advmod	_	@iavu1948f-words#@iavu1948f#67.083#67.539
297	самое	самый	ADJ	_	Case=Nom|Degree=Pos|Gender=Neut|Number=Sing	_	amod	_	@iavu1948f-words#@iavu1948f#67.539#67.995
298	в	в	ADP	_	_	_	case	_	@iavu1948f-words#@iavu1948f#67.995#68.451
299	спорте	спорт	NOUN	_	Animacy=Inan|Case=Loc|Gender=Masc|Number=Sing	_	nmod	_	@iavu1948f-words#@iavu1948f#68.451#68.907
300	/	/	PUNCT	_	_	_	punct	_	@iavu1948f-words#@iavu1948f#68.907#69.363
301	нету	нет	PRED	_	_	_	xcomp	_	@iavu1948f-words#@iavu1948f#69.363#69.819
302	организации	организация	NOUN	_	Animacy=Inan|Case=Acc|Gender=Fem|Number=Plur	_	obj	_	@iavu1948f-words#@iavu1948f#69.819#70.275
303	труда	труд	NOUN	_	Animacy=Inan|Case=Gen|Gender=Masc|Number=Sing	_	nmod	_	@iavu1948f-words#@iavu1948f#70.275#70.731
304	и	и	CCONJ	_	_	_	cc	_	@iavu1948f-words#@iavu1948f#70.731#71.187
305	медикаментов	медикамент	NOUN	_	Animacy=Inan|Case=Gen|Gender=Masc|Number=Plur	_	conj	_	@iavu1948f-words#@iavu1948f#71.187#71.643
306	которые	который	PRON	_	Case=Acc	_	obj	_	@iavu1948f-words#@iavu1948f#71.643#72.099
307	употребляют	употреблять	VERB	_	Aspect=Imp|Mood=Ind|Number=Plur|Person=3|Tense=Pres|VerbForm=Fin|Voice=Act	_	conj	_	@iavu1948f-words#@iavu1948f#72.099#72.555
308	спортсмены	спортсмен	NOUN	_	Animacy=Anim|Case=Nom|Gender=Masc|Number=Plur	_	nsubj	_	@iavu1948f-words#@iavu1948f#72.555#73.025
309	например	например	ADV	_	Degree=Pos	_	parataxis	_	@iavu1948f-words#@iavu1948f#73.803#74.155
310	/	/	PUNCT	_	_	_	punct	_	@iavu1948f-words#@iavu1948f#74.155#74.507
311	вот	вот	PART	_	_	_	advmod	_	@iavu1948f-words#@iavu1948f#74.507#74.859
312	такая	такой	DET	_	Case=Nom|Gender=Fem|Number=Sing	_	det	_	@iavu1948f-words#@iavu1948f#74.859#75.211
313	статистика	статистика	NOUN	_	Animacy=Inan|Case=Nom|Gender=Fem|Number=Sing	_	nsubj	_	@iavu1948f-words#@iavu1948f#75.211#75.567
314	за	за	ADP	_	_	_	case	_	@iavu1948f-words#@iavu1948f#75.889#76.359
315	психотропными	психотропный	ADJ	_	Case=Ins|Degree=Pos|Number=Plur	_	amod	_	@iavu1948f-words#@iavu1948f#76.359#76.829
316	препаратами	препарат	NOUN	_	Animacy=Inan|Case=Ins|Gender=Masc|Number=Plur	_	obl	_	@iavu1948f-words#@iavu1948f#76.829#77.299
317	которые	который	PRON	_	Case=Nom	_	nsubj:pass	_	@iavu1948f-words#@iavu1948f#77.299#77.769
318	запрещены	запретить	VERB	_	Aspect=Perf|Number=Plur|Tense=Past|Variant=Short|VerbForm=Part|Voice=Pass	_	acl:relcl	_	@iavu1948f-words#@iavu1948f#77.769#78.239
319	/	/	PUNCT	_	_	_	punct	_	@iavu1948f-words#@iavu1948f#78.239#78.709
320	ВАДА	ВАДА	PROPN	_	Animacy=Inan|Case=Nom|Gender=Neut|Number=Sing	_	parataxis	_	@iavu1948f-words#@iavu1948f#78.709#79.179
321	/	/	PUNCT	_	_	_	punct	_	@iavu1948f-words#@iavu1948f#79.179#79.649
322	Россия	Россия	PROPN	_	Animacy=Inan|Case=Nom|Gender=Fem|Number=Sing	_	nsubj	_	@iavu1948f-words#@iavu1948f#79.649#80.119
323	обращается	обращаться	VERB	_	Aspect=Imp|Mood=Ind|Number=Sing|Person=3|Tense=Pres|VerbForm=Fin|Voice=Mid	_	acl	_	@iavu1948f-words#@iavu1948f#80.119#80.589
324	/	/	PUNCT	_	_	_	punct	_	@iavu1948f-words#@iavu1948f#80.589#81.059
325	два	два	NUM	_	Animacy=Inan|Case=Acc|Gender=Masc	_	nummod:gov	_	@iavu1948f-words#@iavu1948f#81.059#81.529
326	раза	раз	NOUN	_	Animacy=Inan|Case=Gen|Gender=Masc|Number=Sing	_	nmod	_	@iavu1948f-words#@iavu1948f#81.529#82.0
327	Финляндия	Финляндия	PROPN	_	Animacy=Inan|Case=Nom|Gender=Fem|Number=Sing	_	nsubj:pass	_	@iavu1948f-words#@iavu1948f#83.403#84.019
328	/	/	PUNCT	_	_	_	punct	_	@iavu1948f-words#@iavu1948f#84.019#84.635
329	двадцать	двадцать	NUM	_	Case=Nom	_	nummod:gov	_	@iavu1948f-words#@iavu1948f#84.635#85.251
330	два	два	NUM	_	Case=Nom|Gender=Masc	_	nummod:gov	_	@iavu1948f-words#@iavu1948f#85.251#85.867
331	а	а	CCONJ	_	_	_	cc	_	@iavu1948f-words#@iavu1948f#87.15#87.633
332	Америка	Америка	PROPN	_	Animacy=Inan|Case=Nom|Gender=Fem|Number=Sing	_	nsubj	_	@iavu1948f-words#@iavu1948f#87.633#88.116
333	/	/	PUNCT	_	_	_	punct	_	@iavu1948f-words#@iavu1948f#88.116#88.599
334	пятьдесят	пятьдесят	NUM	_	Case=Nom	_	nummod:gov	_	@iavu1948f-words#@iavu1948f#88.599#89.082
335	шесть	шесть	NUM	_	Case=Nom	_	nummod:gov	_	@iavu1948f-words#@iavu1948f#89.082#89.565
336	/	/	PUNCT	_	_	_	punct	_	@iavu1948f-words#@iavu1948f#89.565#90.048
337	обращений	обращение	NOUN	_	Animacy=Inan|Case=Gen|Gender=Neut|Number=Plur	_	nmod	_	@iavu1948f-words#@iavu1948f#90.048#90.535
338	кото...	которые	PRON	_	Case=Nom	_	iobj	_	@iavu1948f-words#@iavu1948f#91.192#91.597
339	некоторым	некоторый	DET	_	Case=Dat|Number=Plur	_	det	_	@iavu1948f-words#@iavu1948f#91.597#92.002
340	отказывают	отказывать	VERB	_	Aspect=Imp|Mood=Ind|Number=Plur|Person=3|Tense=Pres|VerbForm=Fin|Voice=Act	_	parataxis	_	@iavu1948f-words#@iavu1948f#92.002#92.407
341	/	/	PUNCT	_	_	_	punct	_	@iavu1948f-words#@iavu1948f#92.407#92.812
342	но	но	CCONJ	_	_	_	cc	_	@iavu1948f-words#@iavu1948f#92.812#93.217
343	некоторым	некоторый	DET	_	Case=Dat|Number=Plur	_	det	_	@iavu1948f-words#@iavu1948f#93.217#93.622
344	дают	давать	VERB	_	Aspect=Imp|Mood=Ind|Number=Plur|Person=3|Tense=Pres|VerbForm=Fin|Voice=Act	_	conj	_	@iavu1948f-words#@iavu1948f#93.622#94.032
345	например	например	ADV	_	Degree=Pos	_	obl	_	@iavu1948f-words#@iavu1948f#94.289#94.707
346	Симона	Симон	PROPN	_	Animacy=Anim|Case=Acc|Gender=Masc|Number=Sing	_	obj	_	@iavu1948f-words#@iavu1948f#94.707#95.125
347	/	/	PUNCT	_	_	_	punct	_	@iavu1948f-words#@iavu1948f#95.125#95.543
348	которая	который	PRON	_	Case=Nom	_	nsubj	_	@iavu1948f-words#@iavu1948f#95.543#95.961
349	в	в	ADP	_	_	_	case	_	@iavu1948f-words#@iavu1948f#95.961#96.379
350	спортивной	спортивный	ADJ	_	Case=Loc|Degree=Pos|Gender=Fem|Number=Sing	_	amod	_	@iavu1948f-words#@iavu1948f#96.379#96.797
351	гимнастике	гимнастика	NOUN	_	Animacy=Inan|Case=Loc|Gender=Fem|Number=Sing	_	obl	_	@iavu1948f-words#@iavu1948f#96.797#97.215
352	завоевала	завоевать	VERB	_	Aspect=Perf|Gender=Fem|Mood=Ind|Number=Sing|Tense=Past|VerbForm=Fin|Voice=Act	_	acl:relcl	_	@iavu1948f-words#@iavu1948f#97.215#97.633
353	/	/	PUNCT	_	_	_	punct	_	@iavu1948f-words#@iavu1948f#97.633#98.051
354	семь	семь	NUM	_	Case=Nom	_	nummod:gov	_	@iavu1948f-words#@iavu1948f#98.051#98.469
355	золотых	золотой	ADJ	_	Case=Gen|Degree=Pos|Number=Plur	_	amod	_	@iavu1948f-words#@iavu1948f#98.469#98.887
356	медалей	медаль	NOUN	_	Animacy=Inan|Case=Gen|Gender=Fem|Number=Plur	_	nsubj	_	@iavu1948f-words#@iavu1948f#98.887#99.305
357	все	весь	DET	_	Case=Acc|Gender=Neut|Number=Sing	_	det	_	@iavu1948f-words#@iavu1948f#99.305#99.723
358	время	время	NOUN	_	Animacy=Inan|Case=Acc|Gender=Neut|Number=Sing	_	obl	_	@iavu1948f-words#@iavu1948f#99.723#100.141
359	потребляет	потреблять	VERB	_	Aspect=Imp|Mood=Ind|Number=Sing|Person=3|Tense=Pres|VerbForm=Fin|Voice=Act	_	conj	_	@iavu1948f-words#@iavu1948f#100.141#100.559
360	/	/	PUNCT	_	_	_	punct	_	@iavu1948f-words#@iavu1948f#100.559#100.977
361	психотропные	психотропный	ADJ	_	Animacy=Inan|Case=Acc|Degree=Pos|Number=Plur	_	amod	_	@iavu1948f-words#@iavu1948f#100.977#101.395
362	препараты	препарат	NOUN	_	Animacy=Inan|Case=Acc|Gender=Masc|Number=Plur	_	obj	_	@iavu1948f-words#@iavu1948f#101.395#101.813
363	которые	который	PRON	_	Case=Nom	_	nsubj	_	@iavu1948f-words#@iavu1948f#101.813#102.231
364	повышают	повышать	VERB	_	Aspect=Imp|Mood=Ind|Number=Plur|Person=3|Tense=Pres|VerbForm=Fin|Voice=Act	_	parataxis	_	@iavu1948f-words#@iavu1948f#102.231#102.649
365	концентрацию	концентрация	NOUN	_	Animacy=Inan|Case=Acc|Gender=Fem|Number=Sing	_	obj	_	@iavu1948f-words#@iavu1948f#102.649#103.067
366	и	и	CCONJ	_	_	_	cc	_	@iavu1948f-words#@iavu1948f#103.067#103.485
367	это	это	PRON	_	Animacy=Inan|Case=Nom|Gender=Neut|Number=Sing	_	nsubj	_	@iavu1948f-words#@iavu1948f#103.485#103.903
368	наверное	наверное	ADV	_	Degree=Pos	_	parataxis	_	@iavu1948f-words#@iavu1948f#103.903#104.321
369	правильно	правильный	ADJ	_	Degree=Pos|Gender=Neut|Number=Sing|Variant=Short	_	conj	_	@iavu1948f-words#@iavu1948f#104.321#104.76
370	у	у	ADP	_	_	_	case	_	@iavu1948f-words#@iavu1948f#105.614#105.999
371	нас	мы	PRON	_	Case=Gen|Number=Plur|Person=1	_	nmod	_	@iavu1948f-words#@iavu1948f#105.999#106.384
372	тоже	тоже	PART	_	_	_	advmod	_	@iavu1948f-words#@iavu1948f#106.384#106.769
373	есть	быть	VERB	_	Aspect=Imp|Mood=Ind|Number=Sing|Person=3|Tense=Pres|VerbForm=Fin|Voice=Act	_	cop	_	@iavu1948f-words#@iavu1948f#106.769#107.154
374	девочки	девочка	NOUN	_	Animacy=Anim|Case=Nom|Gender=Fem|Number=Plur	_	nsubj	_	@iavu1948f-words#@iavu1948f#107.154#107.539
375	которые	который	PRON	_	Case=Acc	_	obj	_	@iavu1948f-words#@iavu1948f#107.539#107.924
376	страдают	страдать	VERB	_	Aspect=Imp|Mood=Ind|Number=Plur|Person=3|Tense=Pres|VerbForm=Fin|Voice=Act	_	advcl	_	@iavu1948f-words#@iavu1948f#107.924#108.309
377	потерей	потеря	NOUN	_	Animacy=Inan|Case=Ins|Gender=Fem|Number=Sing	_	obl	_	@iavu1948f-words#@iavu1948f#108.309#108.694
378	концентрации	концентрация	NOUN	_	Animacy=Inan|Case=Gen|Gender=Fem|Number=Sing	_	nmod	_	@iavu1948f-words#@iavu1948f#108.694#109.085
379	у	у	ADP	_	_	_	case	_	@iavu1948f-words#@iavu1948f#109.342#109.627
380	них	они	PRON	_	Case=Gen|Number=Plur|Person=3	_	obl	_	@iavu1948f-words#@iavu1948f#109.627#109.912
381	нет	нет	PRED	_	_	_	advcl	_	@iavu1948f-words#@iavu1948f#109.912#110.197
382	концентрации	концентрация	NOUN	_	Animacy=Inan|Case=Gen|Gender=Fem|Number=Sing	_	obl	_	@iavu1948f-words#@iavu1948f#110.197#110.482
383	их	они	PRON	_	Case=Acc|Number=Plur|Person=3	_	obj	_	@iavu1948f-words#@iavu1948f#110.482#110.767
384	надо	надо	ADV	_	Degree=Pos	_	nsubj	_	@iavu1948f-words#@iavu1948f#110.767#111.052
385	лечить	лечить	VERB	_	Aspect=Imp|VerbForm=Inf|Voice=Act	_	csubj	_	@iavu1948f-words#@iavu1948f#111.052#111.337
386	/	/	PUNCT	_	_	_	punct	_	@iavu1948f-words#@iavu1948f#111.337#111.622
387	но	но	CCONJ	_	_	_	cc	_	@iavu1948f-words#@iavu1948f#111.622#111.907
388	у	у	ADP	_	_	_	case	_	@iavu1948f-words#@iavu1948f#111.907#112.192
389	нас	мы	PRON	_	Case=Gen|Number=Plur|Person=1	_	obl	_	@iavu1948f-words#@iavu1948f#112.192#112.477
390	это	это	PRON	_	Animacy=Inan|Case=Nom|Gender=Neut|Number=Sing	_	nsubj	_	@iavu1948f-words#@iavu1948f#112.477#112.762
391	/	/	PUNCT	_	_	_	punct	_	@iavu1948f-words#@iavu1948f#112.762#113.047
392	не	не	PART	_	_	_	advmod	_	@iavu1948f-words#@iavu1948f#113.047#113.332
393	принято	принятый	ADV	_	Degree=Pos	_	conj	_	@iavu1948f-words#@iavu1948f#113.332#113.617
394	/	/	PUNCT	_	_	_	punct	_	@iavu1948f-words#@iavu1948f#113.617#113.902
395	у	у	ADP	_	_	_	case	_	@iavu1948f-words#@iavu1948f#113.902#114.187
396	нас	мы	PRON	_	Case=Gen|Number=Plur|Person=1	_	obl	_	@iavu1948f-words#@iavu1948f#114.187#114.472
397	принято	принятый	ADV	_	Degree=Pos	_	obl	_	@iavu1948f-words#@iavu1948f#114.472#114.757
398	делать	делать	VERB	_	Aspect=Imp|VerbForm=Inf|Voice=Act	_	csubj	_	@iavu1948f-words#@iavu1948f#114.757#115.042
399	все	все	PRON	_	Animacy=Inan|Case=Acc|Gender=Neut|Number=Sing	_	obj	_	@iavu1948f-words#@iavu1948f#115.042#115.327
400	втихомолку	втихомолку	ADV	_	Degree=Pos	_	advmod	_	@iavu1948f-words#@iavu1948f#115.327#115.617
401	как	как	SCONJ	_	_	_	mark	_	@iavu1948f-words#@iavu1948f#116.817#117.129
402	говорится	говорить	VERB	_	Aspect=Imp|Mood=Ind|Number=Sing|Person=3|Tense=Pres|VerbForm=Fin|Voice=Pass	_	parataxis	_	@iavu1948f-words#@iavu1948f#117.129#117.441
403	/	/	PUNCT	_	_	_	punct	_	@iavu1948f-words#@iavu1948f#117.441#117.753
404	под	под	ADP	_	_	_	case	_	@iavu1948f-words#@iavu1948f#117.753#118.065
405	фартухом	фартух	NOUN	_	Animacy=Inan|Case=Ins|Gender=Masc|Number=Sing	_	obl	_	@iavu1948f-words#@iavu1948f#118.065#118.378
406	это	это	PRON	_	Animacy=Inan|Case=Nom|Gender=Neut|Number=Sing	_	nsubj	_	@iavu1948f-words#@iavu1948f#119.232#119.507
407	неправильно	неправильный	ADJ	_	Degree=Pos|Gender=Neut|Number=Sing|Variant=Short	_	obl	_	@iavu1948f-words#@iavu1948f#119.507#119.782
408	/	/	PUNCT	_	_	_	punct	_	@iavu1948f-words#@iavu1948f#119.782#120.057
409	мы	мы	PRON	_	Case=Nom|Number=Plur|Person=1	_	nsubj	_	@iavu1948f-words#@iavu1948f#120.057#120.332
410	должны	должный	ADJ	_	Degree=Pos|Number=Plur|Variant=Short	_	conj	_	@iavu1948f-words#@iavu1948f#120.332#120.607
411	прийти	прийти	VERB	_	Aspect=Perf|VerbForm=Inf|Voice=Act	_	xcomp	_	@iavu1948f-words#@iavu1948f#120.607#120.882
412	к	к	ADP	_	_	_	case	_	@iavu1948f-words#@iavu1948f#120.882#121.157
413	врачу	врач	NOUN	_	Animacy=Anim|Case=Dat|Gender=Masc|Number=Sing	_	obl	_	@iavu1948f-words#@iavu1948f#121.157#121.432
414	и	и	CCONJ	_	_	_	cc	_	@iavu1948f-words#@iavu1948f#121.432#121.707
415	сказать	сказать	VERB	_	Aspect=Perf|VerbForm=Inf|Voice=Act	_	conj	_	@iavu1948f-words#@iavu1948f#121.707#121.982
416	/	/	PUNCT	_	_	_	punct	_	@iavu1948f-words#@iavu1948f#121.982#122.257
417	что	что	SCONJ	_	_	_	mark	_	@iavu1948f-words#@iavu1948f#122.257#122.532
418	вот	вот	PART	_	_	_	advmod	_	@iavu1948f-words#@iavu1948f#122.532#122.807
419	есть	быть	VERB	_	Aspect=Imp|Mood=Ind|Number=Plur|Person=3|Tense=Pres|VerbForm=Fin|Voice=Act	_	ccomp	_	@iavu1948f-words#@iavu1948f#122.807#123.082
420	такие	такой	DET	_	Case=Nom|Number=Plur	_	det	_	@iavu1948f-words#@iavu1948f#123.082#123.357
421	проблемы	проблема	NOUN	_	Animacy=Inan|Case=Nom|Gender=Fem|Number=Plur	_	nsubj	_	@iavu1948f-words#@iavu1948f#123.357#123.632
422	/	/	PUNCT	_	_	_	punct	_	@iavu1948f-words#@iavu1948f#123.632#123.907
423	и	и	CCONJ	_	_	_	cc	_	@iavu1948f-words#@iavu1948f#123.907#124.182
424	он	он	PRON	_	Case=Nom|Gender=Masc|Number=Sing|Person=3	_	nsubj	_	@iavu1948f-words#@iavu1948f#124.182#124.457
425	должен	должный	ADJ	_	Degree=Pos|Gender=Masc|Number=Sing|Variant=Short	_	conj	_	@iavu1948f-words#@iavu1948f#124.457#124.732
426	выписать	выписать	VERB	_	Aspect=Perf|VerbForm=Inf|Voice=Act	_	xcomp	_	@iavu1948f-words#@iavu1948f#124.732#125.007
427	нам	мы	PRON	_	Case=Dat|Number=Plur|Person=1	_	iobj	_	@iavu1948f-words#@iavu1948f#125.007#125.282
428	препарат	препарат	NOUN	_	Animacy=Inan|Case=Acc|Gender=Masc|Number=Sing	_	obj	_	@iavu1948f-words#@iavu1948f#125.282#125.557
429	/	/	PUNCT	_	_	_	punct	_	@iavu1948f-words#@iavu1948f#125.557#125.832
430	и	и	CCONJ	_	_	_	cc	_	@iavu1948f-words#@iavu1948f#125.832#126.107
431	мы	мы	PRON	_	Case=Nom|Number=Plur|Person=1	_	nsubj	_	@iavu1948f-words#@iavu1948f#126.107#126.382
432	должны	должный	ADJ	_	Degree=Pos|Number=Plur|Variant=Short	_	conj	_	@iavu1948f-words#@iavu1948f#126.382#126.657
433	это	это	PRON	_	Animacy=Inan|Case=Acc|Gender=Neut|Number=Sing	_	obj	_	@iavu1948f-words#@iavu1948f#126.657#126.932
434	заявить	заявить	VERB	_	Aspect=Perf|VerbForm=Inf|Voice=Act	_	xcomp	_	@iavu1948f-words#@iavu1948f#126.932#127.207
435	/	/	PUNCT	_	_	_	punct	_	@iavu1948f-words#@iavu1948f#127.207#127.482
436	и	и	CCONJ	_	_	_	cc	_	@iavu1948f-words#@iavu1948f#127.482#127.757
437	нам	мы	PRON	_	Case=Dat|Number=Plur|Person=1	_	iobj	_	@iavu1948f-words#@iavu1948f#127.757#128.032
438	должны	должный	ADJ	_	Degree=Pos|Number=Plur|Variant=Short	_	conj	_	@iavu1948f-words#@iavu1948f#128.032#128.307
439	это	это	PRON	_	Animacy=Inan|Case=Acc|Gender=Neut|Number=Sing	_	obj	_	@iavu1948f-words#@iavu1948f#128.307#128.582
440	дать	дать	VERB	_	Aspect=Perf|VerbForm=Inf|Voice=Act	_	xcomp	_	@iavu1948f-words#@iavu1948f#128.582#128.857
441	или	или	CCONJ	_	_	_	cc	_	@iavu1948f-words#@iavu1948f#128.857#129.132
442	не	не	PART	_	_	_	advmod	_	@iavu1948f-words#@iavu1948f#129.132#129.407
443	дать	дать	VERB	_	Aspect=Perf|VerbForm=Inf|Voice=Act	_	conj	_	@iavu1948f-words#@iavu1948f#129.407#129.7
444	а	а	CCONJ	_	_	_	cc	_	@iavu1948f-words#@iavu1948f#131.346#131.558
445	у	у	ADP	_	_	_	case	_	@iavu1948f-words#@iavu1948f#131.558#131.77
446	нас	мы	PRON	_	Case=Gen|Number=Plur|Person=1	_	obl	_	@iavu1948f-words#@iavu1948f#131.77#131.982
447	этого	это	PRON	_	Animacy=Inan|Case=Gen|Gender=Neut|Number=Sing	_	obl	_	@iavu1948f-words#@iavu1948f#131.982#132.194
448	не	не	PART	_	_	_	advmod	_	@iavu1948f-words#@iavu1948f#132.194#132.406
449	делается	делаться	VERB	_	Aspect=Imp|Mood=Ind|Number=Sing|Person=3|Tense=Pres|VerbForm=Fin|Voice=Mid	_	xcomp	_	@iavu1948f-words#@iavu1948f#132.406#132.621
450	вот	вот	PART	_	_	_	advmod	_	@iavu1948f-words#@iavu1948f#133.628#133.942
451	сейчас	сейчас	ADV	_	Degree=Pos	_	advmod	_	@iavu1948f-words#@iavu1948f#133.942#134.256
452	/	/	PUNCT	_	_	_	punct	_	@iavu1948f-words#@iavu1948f#134.256#134.57
453	только	только	PART	_	_	_	advmod	_	@iavu1948f-words#@iavu1948f#134.57#134.884
454	после	после	ADP	_	_	_	case	_	@iavu1948f-words#@iavu1948f#134.884#135.198
455	того	то	PRON	_	Animacy=Inan|Case=Gen|Gender=Neut|Number=Sing	_	obl	_	@iavu1948f-words#@iavu1948f#135.198#135.512
456	как	как	SCONJ	_	_	_	mark	_	@iavu1948f-words#@iavu1948f#135.512#135.826
457	произошел	произойти	VERB	_	Aspect=Perf|Gender=Masc|Mood=Ind|Number=Sing|Tense=Past|VerbForm=Fin|Voice=Act	_	acl	_	@iavu1948f-words#@iavu1948f#135.826#136.14
458	этот	этот	DET	_	Case=Nom|Gender=Masc|Number=Sing	_	det	_	@iavu1948f-words#@iavu1948f#136.14#136.454
459	скандал	скандал	NOUN	_	Animacy=Inan|Case=Nom|Gender=Masc|Number=Sing	_	nsubj	_	@iavu1948f-words#@iavu1948f#136.454#136.768
460	/	/	PUNCT	_	_	_	punct	_	@iavu1948f-words#@iavu1948f#136.768#137.082
461	а	а	CCONJ	_	_	_	cc	_	@iavu1948f-words#@iavu1948f#137.082#137.396
462	эти	этот	DET	_	Case=Nom|Number=Plur	_	det	_	@iavu1948f-words#@iavu1948f#137.396#137.71
463	финны	финн	NOUN	_	Animacy=Anim|Case=Nom|Gender=Masc|Number=Plur	_	conj	_	@iavu1948f-words#@iavu1948f#137.71#138.024
464	/	/	PUNCT	_	_	_	punct	_	@iavu1948f-words#@iavu1948f#138.024#138.338
465	а	а	CCONJ	_	_	_	cc	_	@iavu1948f-words#@iavu1948f#138.338#138.652
466	эти	этот	DET	_	Case=Nom|Number=Plur	_	det	_	@iavu1948f-words#@iavu1948f#138.652#138.966
467	др...	другой	ADJ	_	Case=Nom|Degree=Pos|Number=Plur	_	conj	_	@iavu1948f-words#@iavu1948f#138.966#139.28
468	/	/	PUNCT	_	_	_	punct	_	@iavu1948f-words#@iavu1948f#139.28#139.594
469	ээ	ээ	INTJ	_	_	_	parataxis	_	@iavu1948f-words#@iavu1948f#139.594#139.908
470	/	/	PUNCT	_	_	_	punct	_	@iavu1948f-words#@iavu1948f#139.908#140.222
471	байдарочники	байдарочник	NOUN	_	Animacy=Anim|Case=Nom|Gender=Masc|Number=Plur	_	appos	_	@iavu1948f-words#@iavu1948f#140.222#140.536
472	/	/	PUNCT	_	_	_	punct	_	@iavu1948f-words#@iavu1948f#140.536#140.85
473	а	а	CCONJ	_	_	_	cc	_	@iavu1948f-words#@iavu1948f#140.85#141.164
474	эти	этот	DET	_	Case=Nom|Number=Plur	_	det	_	@iavu1948f-words#@iavu1948f#141.164#141.478
475	гребцы	гребцы	NOUN	_	Animacy=Inan|Case=Nom|Gender=Fem|Number=Plur	_	nsubj	_	@iavu1948f-words#@iavu1948f#141.478#141.792
476	вот	вот	PART	_	_	_	advmod	_	@iavu1948f-words#@iavu1948f#141.792#142.106
477	эти	этот	DET	_	Case=Nom|Number=Plur	_	det	_	@iavu1948f-words#@iavu1948f#142.106#142.42
478	вот	вот	PART	_	_	_	advmod	_	@iavu1948f-words#@iavu1948f#142.42#142.734
479	о	о	ADP	_	_	_	case	_	@iavu1948f-words#@iavu1948f#142.734#143.048
480	которых	который	PRON	_	Case=Loc	_	obj	_	@iavu1948f-words#@iavu1948f#143.048#143.362
481	я	я	PRON	_	Case=Nom|Number=Sing|Person=1	_	nsubj	_	@iavu1948f-words#@iavu1948f#143.362#143.676
482	говорю	говорить	VERB	_	Aspect=Imp|Mood=Ind|Number=Sing|Person=1|Tense=Pres|VerbForm=Fin|Voice=Act	_	parataxis	_	@iavu1948f-words#@iavu1948f#143.676#143.99
483	/	/	PUNCT	_	_	_	punct	_	@iavu1948f-words#@iavu1948f#143.99#144.304
484	они	они	PRON	_	Case=Nom|Number=Plur|Person=3	_	nsubj	_	@iavu1948f-words#@iavu1948f#144.304#144.618
485	же	же	PART	_	_	_	advmod	_	@iavu1948f-words#@iavu1948f#144.618#144.932
486	все	весь	PRON	_	Animacy=Anim|Case=Nom|Number=Plur	_	nsubj	_	@iavu1948f-words#@iavu1948f#144.932#145.246
487	нюхают	нюхать	VERB	_	Aspect=Imp|Mood=Ind|Number=Plur|Person=3|Tense=Pres|VerbForm=Fin|Voice=Act	_	parataxis	_	@iavu1948f-words#@iavu1948f#145.246#145.578
488	у	у	ADP	_	_	_	case	_	@iavu1948f-words#@iavu1948f#146.475#146.685
489	них	они	PRON	_	Case=Gen|Number=Plur|Person=3	_	obl	_	@iavu1948f-words#@iavu1948f#146.685#146.895
490	у	у	ADP	_	_	_	case	_	@iavu1948f-words#@iavu1948f#146.895#147.105
491	всех	весь	PRON	_	Animacy=Anim|Case=Gen|Number=Plur	_	obl	_	@iavu1948f-words#@iavu1948f#147.105#147.315
492	астма	астма	NOUN	_	Animacy=Inan|Case=Gen|Gender=Fem|Number=Sing	_	obl	_	@iavu1948f-words#@iavu1948f#147.315#147.525
493	астма	астма	NOUN	_	Animacy=Inan|Case=Gen|Gender=Fem|Number=Sing	_	nmod	_	@iavu1948f-words#@iavu1948f#148.657#149.36
494	у	у	ADP	_	_	_	case	_	@iavu1948f-words#@iavu1948f#150.589#150.908
495	всех	весь	PRON	_	Animacy=Anim|Case=Gen|Number=Plur	_	nmod	_	@iavu1948f-words#@iavu1948f#150.908#151.227
496	/	/	PUNCT	_	_	_	punct	_	@iavu1948f-words#@iavu1948f#151.227#151.546
497	и	и	CCONJ	_	_	_	cc	_	@iavu1948f-words#@iavu1948f#151.546#151.865
498	у	у	ADP	_	_	_	case	_	@iavu1948f-words#@iavu1948f#151.865#152.184
499	гребцов	гребец	NOUN	_	Animacy=Anim|Case=Gen|Gender=Masc|Number=Plur	_	conj	_	@iavu1948f-words#@iavu1948f#152.184#152.503
500	и	и	CCONJ	_	_	_	cc	_	@iavu1948f-words#@iavu1948f#152.503#152.822
501	у	у	ADP	_	_	_	case	_	@iavu1948f-words#@iavu1948f#152.822#153.141
502	финнов	финн	NOUN	_	Animacy=Anim|Case=Gen|Gender=Masc|Number=Plur	_	obl	_	@iavu1948f-words#@iavu1948f#153.141#153.46
503	у	у	ADP	_	_	_	case	_	@iavu1948f-words#@iavu1948f#153.46#153.779
504	всех	весь	DET	_	Case=Gen|Number=Plur	_	det	_	@iavu1948f-words#@iavu1948f#153.779#154.098
505	астма	астма	NOUN	_	Animacy=Inan|Case=Gen|Gender=Fem|Number=Sing	_	obl	_	@iavu1948f-words#@iavu1948f#154.098#154.428
506	и	и	CCONJ	_	_	_	cc	_	@iavu1948f-words#@iavu1948f#154.8#155.129
507	всем	все	PRON	_	Animacy=Anim|Case=Dat|Number=Plur	_	iobj	_	@iavu1948f-words#@iavu1948f#155.129#155.458
508	дают	давать	VERB	_	Aspect=Imp|Mood=Ind|Number=Plur|Person=3|Tense=Pres|VerbForm=Fin|Voice=Act	_	conj	_	@iavu1948f-words#@iavu1948f#155.458#155.787
509	/	/	PUNCT	_	_	_	punct	_	@iavu1948f-words#@iavu1948f#155.787#156.116
510	препараты	препарат	NOUN	_	Animacy=Inan|Case=Acc|Gender=Masc|Number=Plur	_	obj	_	@iavu1948f-words#@iavu1948f#156.116#156.445
511	которые	который	PRON	_	Case=Acc	_	nmod	_	@iavu1948f-words#@iavu1948f#156.445#156.774
512	/	/	PUNCT	_	_	_	punct	_	@iavu1948f-words#@iavu1948f#156.774#157.103
513	а	а	CCONJ	_	_	_	cc	_	@iavu1948f-words#@iavu1948f#157.103#157.432
514	наши	наш	DET	_	Case=Nom|Number=Plur	_	nsubj	_	@iavu1948f-words#@iavu1948f#157.432#157.761
515	должны	должный	ADJ	_	Degree=Pos|Number=Plur|Variant=Short	_	conj	_	@iavu1948f-words#@iavu1948f#157.761#158.09
516	выигрывать	выиграть	VERB	_	Aspect=Perf|VerbForm=Inf|Voice=Act	_	xcomp	_	@iavu1948f-words#@iavu1948f#158.09#158.419
517	без	без	ADP	_	_	_	case	_	@iavu1948f-words#@iavu1948f#158.419#158.748
518	них	они	PRON	_	Case=Gen|Number=Plur|Person=3	_	obl	_	@iavu1948f-words#@iavu1948f#158.748#159.077
519	?	?	PUNCT	_	_	_	punct	_	@iavu1948f-words#@iavu1948f#159.077#159.406
520	/	/	PUNCT	_	_	_	punct	_	@iavu1948f-words#@iavu1948f#159.406#159.735
521	нет	нет	PART	_	_	_	parataxis	_	@iavu1948f-words#@iavu1948f#159.735#160.078
522	наверное	наверное	ADV	_	Degree=Pos	_	obl	_	@iavu1948f-words#@iavu1948f#160.417#160.687
523	тоже	тоже	PART	_	_	_	advmod	_	@iavu1948f-words#@iavu1948f#160.687#160.957
524	нужно	нужный	ADJ	_	Degree=Pos|Gender=Neut|Number=Sing|Variant=Short	_	conj	_	@iavu1948f-words#@iavu1948f#160.957#161.227
525	/	/	PUNCT	_	_	_	punct	_	@iavu1948f-words#@iavu1948f#161.227#161.497
526	может	мочь	VERB	_	Aspect=Imp|Mood=Ind|Number=Sing|Person=3|Tense=Pres|VerbForm=Fin|Voice=Act	_	parataxis	_	@iavu1948f-words#@iavu1948f#161.497#161.767
527	быть	быть	VERB	_	Aspect=Imp|VerbForm=Inf|Voice=Act	_	cop	_	@iavu1948f-words#@iavu1948f#161.767#162.037
528	зе...	зе...	X	_	_	_	obl	_	@iavu1948f-words#@iavu1948f#162.037#162.307
529	у	у	ADP	_	_	_	case	_	@iavu1948f-words#@iavu1948f#162.307#162.577
530	них	они	PRON	_	Case=Gen|Number=Plur|Person=3	_	obl	_	@iavu1948f-words#@iavu1948f#162.577#162.847
531	тоже	тоже	PART	_	_	_	advmod	_	@iavu1948f-words#@iavu1948f#162.847#163.117
532	есть	быть	VERB	_	Aspect=Imp|Mood=Ind|Number=Sing|Person=3|Tense=Pres|VerbForm=Fin|Voice=Act	_	conj	_	@iavu1948f-words#@iavu1948f#163.117#163.387
533	астма	астма	NOUN	_	Animacy=Inan|Case=Nom|Gender=Fem|Number=Sing	_	nsubj	_	@iavu1948f-words#@iavu1948f#163.387#163.657
534	/	/	PUNCT	_	_	_	punct	_	@iavu1948f-words#@iavu1948f#163.657#163.927
535	может	мочь	VERB	_	Aspect=Imp|Mood=Ind|Number=Sing|Person=3|Tense=Pres|VerbForm=Fin|Voice=Act	_	parataxis	_	@iavu1948f-words#@iavu1948f#163.927#164.197
536	быть	быть	VERB	_	Aspect=Imp|VerbForm=Inf|Voice=Act	_	xcomp	_	@iavu1948f-words#@iavu1948f#164.197#164.467
537	у	у	ADP	_	_	_	case	_	@iavu1948f-words#@iavu1948f#164.467#164.737
538	них	они	PRON	_	Case=Gen|Number=Plur|Person=3	_	obl	_	@iavu1948f-words#@iavu1948f#164.737#165.007
539	тоже	тоже	PART	_	_	_	advmod	_	@iavu1948f-words#@iavu1948f#165.007#165.277
540	есть	быть	VERB	_	Aspect=Imp|Mood=Ind|Number=Sing|Person=3|Tense=Pres|VerbForm=Fin|Voice=Act	_	conj	_	@iavu1948f-words#@iavu1948f#165.277#165.547
541	астма	астма	NOUN	_	Animacy=Inan|Case=Nom|Gender=Fem|Number=Sing	_	nsubj	_	@iavu1948f-words#@iavu1948f#165.547#165.817
542	и	и	CCONJ	_	_	_	cc	_	@iavu1948f-words#@iavu1948f#165.817#166.087
543	им	они	PRON	_	Case=Dat|Number=Plur|Person=3	_	iobj	_	@iavu1948f-words#@iavu1948f#166.087#166.357
544	не	не	PART	_	_	_	advmod	_	@iavu1948f-words#@iavu1948f#166.357#166.627
545	дает	давать	VERB	_	Aspect=Imp|Mood=Ind|Number=Sing|Person=3|Tense=Pres|VerbForm=Fin|Voice=Act	_	conj	_	@iavu1948f-words#@iavu1948f#166.627#166.897
546	это	это	PRON	_	Animacy=Inan|Case=Acc|Gender=Neut|Number=Sing	_	obj	_	@iavu1948f-words#@iavu1948f#166.897#167.167
547	выиграть	выиграть	VERB	_	Aspect=Perf|VerbForm=Inf|Voice=Act	_	xcomp	_	@iavu1948f-words#@iavu1948f#167.167#167.437
548	/	/	PUNCT	_	_	_	punct	_	@iavu1948f-words#@iavu1948f#167.437#167.707
549	то	то	PRON	_	Animacy=Inan|Case=Nom|Gender=Neut|Number=Sing	_	mark	_	@iavu1948f-words#@iavu1948f#167.707#167.977
550	есть	быть	VERB	_	Aspect=Imp|Mood=Ind|Number=Sing|Person=3|Tense=Pres|VerbForm=Fin|Voice=Act	_	fixed	_	@iavu1948f-words#@iavu1948f#167.977#168.247
551	должно	должный	ADJ	_	Degree=Pos|Gender=Neut|Number=Sing|Variant=Short	_	parataxis	_	@iavu1948f-words#@iavu1948f#168.247#168.517
552	быть	быть	AUX	_	Aspect=Imp|VerbForm=Inf|Voice=Act	_	cop	_	@iavu1948f-words#@iavu1948f#168.517#168.787
553	все	весь	PRON	_	Animacy=Inan|Case=Nom|Gender=Neut|Number=Sing	_	nsubj	_	@iavu1948f-words#@iavu1948f#168.787#169.057
554	легально	легальный	ADJ	_	Degree=Pos|Gender=Neut|Number=Sing|Variant=Short	_	obl	_	@iavu1948f-words#@iavu1948f#169.057#169.327
555	/	/	PUNCT	_	_	_	punct	_	@iavu1948f-words#@iavu1948f#169.327#169.597
556	по	по	ADP	_	_	_	case	_	@iavu1948f-words#@iavu1948f#169.597#169.867
557	закону	закон	NOUN	_	Animacy=Inan|Case=Dat|Gender=Masc|Number=Sing	_	parataxis	_	@iavu1948f-words#@iavu1948f#169.867#170.137
558	/	/	PUNCT	_	_	_	punct	_	@iavu1948f-words#@iavu1948f#170.137#170.407
559	честно	честно	ADJ	_	Degree=Pos|Gender=Neut|Number=Sing|Variant=Short	_	advmod	_	@iavu1948f-words#@iavu1948f#170.407#170.677
560	и	и	CCONJ	_	_	_	cc	_	@iavu1948f-words#@iavu1948f#170.677#170.947
561	порядочно	порядочно	ADJ	_	Degree=Pos|Gender=Neut|Number=Sing|Variant=Short	_	conj	_	@iavu1948f-words#@iavu1948f#170.947#171.246
562	дали	дать	VERB	_	Aspect=Perf|Mood=Ind|Number=Plur|Tense=Past|VerbForm=Fin|Voice=Act	_	xcomp	_	@iavu1948f-words#@iavu1948f#171.707#172.157
563	возможность	возможность	NOUN	_	Animacy=Inan|Case=Acc|Gender=Fem|Number=Sing	_	obj	_	@iavu1948f-words#@iavu1948f#172.157#172.607
564	принимать	принимать	VERB	_	Aspect=Imp|VerbForm=Inf|Voice=Act	_	obl	_	@iavu1948f-words#@iavu1948f#172.607#173.057
565	какие-то	какой-то	DET	_	Case=Acc|Number=Plur	_	det	_	@iavu1948f-words#@iavu1948f#173.057#173.507
566	препараты	препарат	NOUN	_	Animacy=Inan|Case=Acc|Gender=Masc|Number=Plur	_	obj	_	@iavu1948f-words#@iavu1948f#173.507#173.957
567	/	/	PUNCT	_	_	_	punct	_	@iavu1948f-words#@iavu1948f#173.957#174.407
568	принимай	принимать	VERB	_	Aspect=Imp|Mood=Imp|Number=Sing|Person=2|VerbForm=Fin|Voice=Act	_	parataxis	_	@iavu1948f-words#@iavu1948f#174.407#174.857
569	/	/	PUNCT	_	_	_	punct	_	@iavu1948f-words#@iavu1948f#174.857#175.307
570	не	не	PART	_	_	_	advmod	_	@iavu1948f-words#@iavu1948f#175.307#175.757
571	дали	дать	VERB	_	Aspect=Perf|Mood=Ind|Number=Plur|Tense=Past|VerbForm=Fin|Voice=Act	_	flat:foreign	_	@iavu1948f-words#@iavu1948f#175.757#176.207
572	/	/	PUNCT	_	_	_	punct	_	@iavu1948f-words#@iavu1948f#176.207#176.657
573	значит	значить	SCONJ	_	_	_	parataxis	_	@iavu1948f-words#@iavu1948f#176.657#177.107
574	ты	ты	PRON	_	Case=Nom|Number=Sing|Person=2	_	nsubj	_	@iavu1948f-words#@iavu1948f#177.107#177.557
575	/	/	PUNCT	_	_	_	punct	_	@iavu1948f-words#@iavu1948f#177.557#178.007
576	должен	должный	ADJ	_	Degree=Pos|Gender=Masc|Number=Sing|Variant=Short	_	obl	_	@iavu1948f-words#@iavu1948f#178.007#178.457
577	работать	работать	VERB	_	Aspect=Imp|VerbForm=Inf|Voice=Act	_	xcomp	_	@iavu1948f-words#@iavu1948f#178.457#178.907
578	на	на	ADP	_	_	_	case	_	@iavu1948f-words#@iavu1948f#178.907#179.357
579	своих	свой	DET	_	Case=Loc|Number=Plur	_	det	_	@iavu1948f-words#@iavu1948f#179.357#179.807
580	силах	сила	NOUN	_	Animacy=Inan|Case=Loc|Gender=Fem|Number=Plur	_	obl	_	@iavu1948f-words#@iavu1948f#179.807#180.257
581	/	/	PUNCT	_	_	_	punct	_	@iavu1948f-words#@iavu1948f#180.257#180.707
582	вот	вот	PART	_	_	_	advmod	_	@iavu1948f-words#@iavu1948f#180.707#181.157
583	таким	такой	DET	_	Case=Ins|Gender=Masc|Number=Sing	_	det	_	@iavu1948f-words#@iavu1948f#181.157#181.607
584	образом	образ	NOUN	_	Animacy=Inan|Case=Ins|Gender=Masc|Number=Sing	_	obl	_	@iavu1948f-words#@iavu1948f#181.607#182.075
585	для	для	ADP	_	_	_	case	_	@iavu1948f-words#@iavu1948f#192.621#192.881
586	меня	я	PRON	_	Case=Gen|Number=Sing|Person=1	_	obl	_	@iavu1948f-words#@iavu1948f#192.881#193.141
587	конечно	конечно	ADV	_	Degree=Pos	_	parataxis	_	@iavu1948f-words#@iavu1948f#193.141#193.401
588	это	это	PRON	_	Animacy=Inan|Case=Nom|Gender=Neut|Number=Sing	_	nsubj	_	@iavu1948f-words#@iavu1948f#193.401#193.661
589	было	быть	AUX	_	Aspect=Imp|Gender=Neut|Mood=Ind|Number=Sing|Tense=Past|VerbForm=Fin|Voice=Act	_	cop	_	@iavu1948f-words#@iavu1948f#193.661#193.921
590	неожиданным	неожиданный	ADJ	_	Case=Ins|Degree=Pos|Gender=Neut|Number=Sing	_	obl	_	@iavu1948f-words#@iavu1948f#193.921#194.185
591	конечно	конечно	ADV	_	Degree=Pos	_	parataxis	_	@iavu1948f-words#@iavu1948f#194.796#195.183
592	/	/	PUNCT	_	_	_	punct	_	@iavu1948f-words#@iavu1948f#195.183#195.57
593	конечно	конечно	ADV	_	Degree=Pos	_	parataxis	_	@iavu1948f-words#@iavu1948f#195.57#195.957
594	/	/	PUNCT	_	_	_	punct	_	@iavu1948f-words#@iavu1948f#195.957#196.344
595	все	весь	PART	_	_	_	advmod	_	@iavu1948f-words#@iavu1948f#196.344#196.731
596	так	так	ADV	_	Degree=Pos	_	advmod	_	@iavu1948f-words#@iavu1948f#196.731#197.118
597	радовались	радоваться	VERB	_	Aspect=Imp|Mood=Ind|Number=Plur|Tense=Past|VerbForm=Fin|Voice=Mid	_	conj	_	@iavu1948f-words#@iavu1948f#197.118#197.505
598	все	весь	PART	_	_	_	advmod	_	@iavu1948f-words#@iavu1948f#197.505#197.892
599	так	так	ADV	_	Degree=Pos	_	advmod	_	@iavu1948f-words#@iavu1948f#197.892#198.279
600	были	быть	AUX	_	Aspect=Imp|Mood=Ind|Number=Plur|Tense=Past|VerbForm=Fin|Voice=Act	_	cop	_	@iavu1948f-words#@iavu1948f#198.279#198.666
601	счастливы	счастливый	ADJ	_	Degree=Pos|Number=Plur|Variant=Short	_	conj	_	@iavu1948f-words#@iavu1948f#198.666#199.053
602	что	что	SCONJ	_	_	_	mark	_	@iavu1948f-words#@iavu1948f#199.053#199.44
603	/	/	PUNCT	_	_	_	punct	_	@iavu1948f-words#@iavu1948f#199.44#199.827
604	ээ	ээ	INTJ	_	_	_	nsubj	_	@iavu1948f-words#@iavu1948f#199.827#200.214
605	/	/	PUNCT	_	_	_	punct	_	@iavu1948f-words#@iavu1948f#200.214#200.601
606	Россия	Россия	PROPN	_	Animacy=Inan|Case=Nom|Gender=Fem|Number=Sing	_	nmod	_	@iavu1948f-words#@iavu1948f#200.601#200.988
607	выигрывает	выигрывать	VERB	_	Aspect=Imp|Mood=Ind|Number=Sing|Person=3|Tense=Pres|VerbForm=Fin|Voice=Act	_	conj	_	@iavu1948f-words#@iavu1948f#200.988#201.375
608	и	и	PART	_	_	_	advmod	_	@iavu1948f-words#@iavu1948f#201.375#201.762
609	эти	этот	DET	_	Case=Acc|Number=Plur	_	det	_	@iavu1948f-words#@iavu1948f#201.762#202.149
610	флаги	флаг	NOUN	_	Animacy=Inan|Case=Acc|Gender=Masc|Number=Plur	_	obj	_	@iavu1948f-words#@iavu1948f#202.149#202.536
611	и	и	CCONJ	_	_	_	advmod	_	@iavu1948f-words#@iavu1948f#202.536#202.923
612	это	это	PRON	_	Animacy=Inan|Case=Nom|Gender=Neut|Number=Sing	_	nsubj	_	@iavu1948f-words#@iavu1948f#202.923#203.31
613	вообще	вообще	ADV	_	Degree=Pos	_	obl	_	@iavu1948f-words#@iavu1948f#203.31#203.697
614	такой	такой	DET	_	Case=Nom|Gender=Masc|Number=Sing	_	det	_	@iavu1948f-words#@iavu1948f#203.697#204.084
615	/	/	PUNCT	_	_	_	punct	_	@iavu1948f-words#@iavu1948f#204.084#204.471
616	ну	ну	INTJ	_	_	_	parataxis	_	@iavu1948f-words#@iavu1948f#204.471#204.858
617	действительно	действительно	ADV	_	Degree=Pos	_	advmod	_	@iavu1948f-words#@iavu1948f#204.858#205.245
618	были	быть	VERB	_	Aspect=Imp|Mood=Ind|Number=Plur|Tense=Past|VerbForm=Fin|Voice=Act	_	conj	_	@iavu1948f-words#@iavu1948f#205.245#205.632
619	результаты	результат	NOUN	_	Animacy=Inan|Case=Nom|Gender=Masc|Number=Plur	_	nsubj	_	@iavu1948f-words#@iavu1948f#205.632#206.019
620	без	без	ADP	_	_	_	case	_	@iavu1948f-words#@iavu1948f#206.019#206.406
621	допинга	допинг	NOUN	_	Animacy=Inan|Case=Gen|Gender=Masc|Number=Sing	_	obl	_	@iavu1948f-words#@iavu1948f#206.406#206.793
622	прекрасные	прекрасный	ADJ	_	Case=Nom|Degree=Pos|Number=Plur	_	obl	_	@iavu1948f-words#@iavu1948f#206.793#207.18
623	/	/	PUNCT	_	_	_	punct	_	@iavu1948f-words#@iavu1948f#207.18#207.567
624	потому	потому	SCONJ	_	_	_	mark	_	@iavu1948f-words#@iavu1948f#207.567#207.954
625	что	что	SCONJ	_	_	_	fixed	_	@iavu1948f-words#@iavu1948f#207.954#208.341
626	была	быть	VERB	_	Aspect=Imp|Gender=Fem|Mood=Ind|Number=Sing|Tense=Past|VerbForm=Fin|Voice=Act	_	cop	_	@iavu1948f-words#@iavu1948f#208.341#208.728
627	организация	организация	NOUN	_	Animacy=Inan|Case=Nom|Gender=Fem|Number=Sing	_	advcl	_	@iavu1948f-words#@iavu1948f#208.728#209.115
628	/	/	PUNCT	_	_	_	punct	_	@iavu1948f-words#@iavu1948f#209.115#209.502
629	организовали	организовать	VERB	_	Aspect=Perf|Mood=Ind|Number=Plur|Tense=Past|VerbForm=Fin|Voice=Act	_	parataxis	_	@iavu1948f-words#@iavu1948f#209.502#209.889
630	/	/	PUNCT	_	_	_	punct	_	@iavu1948f-words#@iavu1948f#209.889#210.276
631	хорошие	хороший	ADJ	_	Case=Acc|Degree=Pos|Number=Plur	_	amod	_	@iavu1948f-words#@iavu1948f#210.276#210.663
632	базы	база	NOUN	_	Animacy=Inan|Case=Acc|Gender=Fem|Number=Plur	_	nsubj	_	@iavu1948f-words#@iavu1948f#210.663#211.05
633	организовали	организовать	VERB	_	Aspect=Perf|Mood=Ind|Number=Plur|Tense=Past|VerbForm=Fin|Voice=Act	_	parataxis	_	@iavu1948f-words#@iavu1948f#211.05#211.437
634	хорошее	хороший	ADJ	_	Case=Acc|Degree=Pos|Gender=Neut|Number=Sing	_	amod	_	@iavu1948f-words#@iavu1948f#211.437#211.824
635	/	/	PUNCT	_	_	_	punct	_	@iavu1948f-words#@iavu1948f#211.824#212.211
636	питание	питание	NOUN	_	Animacy=Inan|Case=Acc|Gender=Neut|Number=Sing	_	obj	_	@iavu1948f-words#@iavu1948f#212.211#212.598
637	организовали	организовать	VERB	_	Aspect=Perf|Mood=Ind|Number=Plur|Tense=Past|VerbForm=Fin|Voice=Act	_	conj	_	@iavu1948f-words#@iavu1948f#212.598#212.985
638	хорошие	хороший	ADJ	_	Case=Acc|Degree=Pos|Number=Plur	_	amod	_	@iavu1948f-words#@iavu1948f#212.985#213.372
639	сборы	сбор	NOUN	_	Animacy=Inan|Case=Acc|Gender=Masc|Number=Plur	_	nsubj	_	@iavu1948f-words#@iavu1948f#213.372#213.759
640	и	и	CCONJ	_	_	_	cc	_	@iavu1948f-words#@iavu1948f#213.759#214.146
641	были	быть	VERB	_	Aspect=Imp|Mood=Ind|Number=Plur|Tense=Past|VerbForm=Fin|Voice=Act	_	conj	_	@iavu1948f-words#@iavu1948f#214.146#214.533
642	результаты	результат	NOUN	_	Animacy=Inan|Case=Nom|Gender=Masc|Number=Plur	_	nsubj	_	@iavu1948f-words#@iavu1948f#214.533#214.92
643	/	/	PUNCT	_	_	_	punct	_	@iavu1948f-words#@iavu1948f#214.92#215.307
644	но	но	CCONJ	_	_	_	cc	_	@iavu1948f-words#@iavu1948f#215.307#215.694
645	несколько…	несколько	DET	_	_	_	punct	_	@iavu1948f-words#@iavu1948f#215.694#216.128
646	паршивая	паршивый	ADJ	_	Case=Nom|Degree=Pos|Gender=Fem|Number=Sing	_	advcl	_	@iavu1948f-words#@iavu1948f#216.342#216.737
647	овца	овца	NOUN	_	Animacy=Anim|Case=Acc|Gender=Fem|Number=Sing	_	obj	_	@iavu1948f-words#@iavu1948f#216.737#217.132
648	все	весь	DET	_	Case=Acc|Gender=Neut|Number=Sing	_	det	_	@iavu1948f-words#@iavu1948f#217.132#217.527
649	стадо	стадо	NOUN	_	Animacy=Inan|Case=Acc|Gender=Neut|Number=Sing	_	obj	_	@iavu1948f-words#@iavu1948f#217.527#217.922
650	портит	портить	VERB	_	Aspect=Imp|Mood=Ind|Number=Sing|Person=3|Tense=Pres|VerbForm=Fin|Voice=Act	_	advcl	_	@iavu1948f-words#@iavu1948f#217.922#218.321
651	несколько	несколько	DET	_	Animacy=Inan|Case=Nom	_	nummod:gov	_	@iavu1948f-words#@iavu1948f#218.846#219.269
652	вот	вот	NOUN	_	Animacy=Inan|Case=Gen|Gender=Fem|Number=Plur	_	obl	_	@iavu1948f-words#@iavu1948f#219.269#219.692
653	этих	этот	DET	_	Case=Gen|Number=Plur	_	det	_	@iavu1948f-words#@iavu1948f#219.692#220.115
654	случаев	случай	NOUN	_	Animacy=Inan|Case=Gen|Gender=Masc|Number=Plur	_	nmod	_	@iavu1948f-words#@iavu1948f#220.115#220.538
655	испортили	испортить	VERB	_	Aspect=Perf|Mood=Ind|Number=Plur|Tense=Past|VerbForm=Fin|Voice=Act	_	conj	_	@iavu1948f-words#@iavu1948f#220.538#220.961
656	всю	весь	DET	_	Case=Acc|Gender=Fem|Number=Sing	_	det	_	@iavu1948f-words#@iavu1948f#220.961#221.384
657	красоту	красота	NOUN	_	Animacy=Inan|Case=Acc|Gender=Fem|Number=Sing	_	obj	_	@iavu1948f-words#@iavu1948f#221.384#221.807
658	олимпийских	олимпийский	ADJ	_	Case=Gen|Degree=Pos|Number=Plur	_	amod	_	@iavu1948f-words#@iavu1948f#221.807#222.23
659	игр	игра	NOUN	_	Animacy=Inan|Case=Gen|Gender=Fem|Number=Plur	_	nmod	_	@iavu1948f-words#@iavu1948f#222.23#222.66
660	но	но	CCONJ	_	_	_	cc	_	@iavu1948f-words#@iavu1948f#242.503#242.787
661	его	его	PRON	_	Case=Acc|Gender=Masc|Number=Sing|Person=3	_	obj	_	@iavu1948f-words#@iavu1948f#242.787#243.071
662	же	же	PART	_	_	_	advmod	_	@iavu1948f-words#@iavu1948f#243.071#243.355
663	выпустили	выпустить	VERB	_	Aspect=Perf|Mood=Ind|Number=Plur|Tense=Past|VerbForm=Fin|Voice=Act	_	conj	_	@iavu1948f-words#@iavu1948f#243.355#243.639
664	зеленый	зеленый	ADJ	_	Animacy=Inan|Case=Nom|Degree=Pos|Gender=Masc|Number=Sing	_	amod	_	@iavu1948f-words#@iavu1948f#244.96#245.22
665	свет	свет	NOUN	_	Animacy=Inan|Case=Nom|Gender=Masc|Number=Sing	_	obj	_	@iavu1948f-words#@iavu1948f#245.22#245.48
666	/	/	PUNCT	_	_	_	punct	_	@iavu1948f-words#@iavu1948f#245.48#245.74
667	он	он	PRON	_	Case=Nom|Gender=Masc|Number=Sing|Person=3	_	nsubj	_	@iavu1948f-words#@iavu1948f#245.74#246.0
668	сел	сесть	VERB	_	Aspect=Perf|Gender=Masc|Mood=Ind|Number=Sing|Tense=Past|VerbForm=Fin|Voice=Mid	_	conj	_	@iavu1948f-words#@iavu1948f#246.0#246.26
669	в	в	ADP	_	_	_	case	_	@iavu1948f-words#@iavu1948f#246.26#246.52
670	самолет	самолет	NOUN	_	Animacy=Inan|Case=Acc|Gender=Masc|Number=Sing	_	obl	_	@iavu1948f-words#@iavu1948f#246.52#246.78
671	и	и	CCONJ	_	_	_	cc	_	@iavu1948f-words#@iavu1948f#246.78#247.04
672	улетел	улететь	VERB	_	Aspect=Perf|Gender=Masc|Mood=Ind|Number=Sing|Tense=Past|VerbForm=Fin|Voice=Act	_	conj	_	@iavu1948f-words#@iavu1948f#247.04#247.303
673	конечно	конечно	ADV	_	Degree=Pos	_	obl	_	@iavu1948f-words#@iavu1948f#273.2#273.696
674	в	в	ADP	_	_	_	discourse	_	@iavu1948f-words#@iavu1948f#274.81#275.132
675	первую	первый	ADJ	_	Animacy=Inan|Case=Acc|Gender=Fem|Number=Sing	_	fixed	_	@iavu1948f-words#@iavu1948f#275.132#275.454
676	очередь	очередь	NOUN	_	Animacy=Inan|Case=Acc|Gender=Fem|Number=Sing	_	fixed	_	@iavu1948f-words#@iavu1948f#275.454#275.776
677	я	я	PRON	_	Case=Nom|Number=Sing|Person=1	_	nsubj	_	@iavu1948f-words#@iavu1948f#275.776#276.098
678	бы	бы	PART	_	_	_	aux	_	@iavu1948f-words#@iavu1948f#276.098#276.42
679	пришла	прийти	VERB	_	Aspect=Perf|Gender=Fem|Mood=Ind|Number=Sing|Tense=Past|VerbForm=Fin|Voice=Act	_	xcomp	_	@iavu1948f-words#@iavu1948f#276.42#276.742
680	/	/	PUNCT	_	_	_	punct	_	@iavu1948f-words#@iavu1948f#276.742#277.064
681	и	и	CCONJ	_	_	_	cc	_	@iavu1948f-words#@iavu1948f#277.064#277.386
682	сказала	сказать	VERB	_	Aspect=Perf|Gender=Fem|Mood=Ind|Number=Sing|Tense=Past|VerbForm=Fin|Voice=Act	_	parataxis	_	@iavu1948f-words#@iavu1948f#277.386#277.708
683	этим	этот	DET	_	Case=Dat|Number=Plur	_	det	_	@iavu1948f-words#@iavu1948f#277.708#278.03
684	людям	человек	NOUN	_	Animacy=Anim|Case=Dat|Gender=Masc|Number=Plur	_	iobj	_	@iavu1948f-words#@iavu1948f#278.03#278.352
685	/	/	PUNCT	_	_	_	punct	_	@iavu1948f-words#@iavu1948f#278.352#278.674
686	учтите	учесть	VERB	_	Aspect=Perf|Mood=Imp|Number=Plur|Person=2|VerbForm=Fin|Voice=Act	_	xcomp	_	@iavu1948f-words#@iavu1948f#278.674#278.996
687	/	/	PUNCT	_	_	_	punct	_	@iavu1948f-words#@iavu1948f#278.996#279.318
688	что	что	SCONJ	_	_	_	mark	_	@iavu1948f-words#@iavu1948f#279.318#279.64
689	вы	вы	PRON	_	Case=Nom|Number=Plur|Person=2	_	nsubj	_	@iavu1948f-words#@iavu1948f#279.64#279.962
690	/	/	PUNCT	_	_	_	punct	_	@iavu1948f-words#@iavu1948f#279.962#280.284
691	на	на	ADP	_	_	_	case	_	@iavu1948f-words#@iavu1948f#280.284#280.606
692	крючке	крючок	NOUN	_	Animacy=Inan|Case=Loc|Gender=Masc|Number=Sing	_	ccomp	_	@iavu1948f-words#@iavu1948f#280.606#280.928
693	/	/	PUNCT	_	_	_	punct	_	@iavu1948f-words#@iavu1948f#280.928#281.25
694	лично	лично	ADV	_	Degree=Pos	_	obl	_	@iavu1948f-words#@iavu1948f#281.25#281.572
695	у	у	ADP	_	_	_	case	_	@iavu1948f-words#@iavu1948f#281.572#281.894
696	меня	я	PRON	_	Case=Gen|Number=Sing|Person=1	_	nmod	_	@iavu1948f-words#@iavu1948f#281.894#282.216
697	/	/	PUNCT	_	_	_	punct	_	@iavu1948f-words#@iavu1948f#282.216#282.538
698	если	если	SCONJ	_	_	_	mark	_	@iavu1948f-words#@iavu1948f#282.538#282.86
699	только	только	PART	_	_	_	advmod	_	@iavu1948f-words#@iavu1948f#282.86#283.182
700	/	/	PUNCT	_	_	_	punct	_	@iavu1948f-words#@iavu1948f#283.182#283.504
701	это	это	PRON	_	Animacy=Inan|Case=Nom|Gender=Neut|Number=Sing	_	nsubj	_	@iavu1948f-words#@iavu1948f#283.504#283.826
702	подтверждается	подтверждаться	VERB	_	Aspect=Imp|Mood=Ind|Number=Sing|Person=3|Tense=Pres|VerbForm=Fin|Voice=Mid	_	acl	_	@iavu1948f-words#@iavu1948f#283.826#284.148
703	/	/	PUNCT	_	_	_	punct	_	@iavu1948f-words#@iavu1948f#284.148#284.47
704	я	я	PRON	_	Case=Nom|Number=Sing|Person=1	_	nsubj	_	@iavu1948f-words#@iavu1948f#284.47#284.792
705	сейчас	сейчас	ADV	_	Degree=Pos	_	advmod	_	@iavu1948f-words#@iavu1948f#284.792#285.114
706	же	же	PART	_	_	_	advmod	_	@iavu1948f-words#@iavu1948f#285.114#285.436
707	иду	идти	VERB	_	Aspect=Imp|Mood=Ind|Number=Sing|Person=1|Tense=Pres|VerbForm=Fin|Voice=Act	_	obl	_	@iavu1948f-words#@iavu1948f#285.436#285.758
708	докладывать	докладывать	VERB	_	Aspect=Imp|VerbForm=Inf|Voice=Act	_	obl	_	@iavu1948f-words#@iavu1948f#285.758#286.08
709	/	/	PUNCT	_	_	_	punct	_	@iavu1948f-words#@iavu1948f#286.08#286.402
710	что	что	SCONJ	_	_	_	mark	_	@iavu1948f-words#@iavu1948f#286.402#286.724
711	вы	вы	PRON	_	Case=Nom|Number=Plur|Person=2	_	nsubj	_	@iavu1948f-words#@iavu1948f#286.724#287.046
712	это	это	PRON	_	Animacy=Inan|Case=Acc|Gender=Neut|Number=Sing	_	obj	_	@iavu1948f-words#@iavu1948f#287.046#287.368
713	делаете	делать	VERB	_	Aspect=Imp|Mood=Ind|Number=Plur|Person=2|Tense=Pres|VerbForm=Fin|Voice=Act	_	ccomp	_	@iavu1948f-words#@iavu1948f#287.368#287.707
714	это	это	PRON	_	Animacy=Inan|Case=Acc|Gender=Neut|Number=Sing	_	obj	_	@iavu1948f-words#@iavu1948f#289.332#289.828
715	зна…	значить	VERB	_	Aspect=Imp|Mood=Ind|Number=Sing|Person=3|Tense=Pres|VerbForm=Fin|Voice=Act	_	punct	_	@iavu1948f-words#@iavu1948f#289.828#290.324
716	нормально	нормальный	ADJ	_	Degree=Pos|Gender=Neut|Number=Sing|Variant=Short	_	advmod	_	@iavu1948f-words#@iavu1948f#290.324#290.82
717	это	это	PRON	_	Animacy=Inan|Case=Nom|Gender=Neut|Number=Sing	_	nsubj	_	@iavu1948f-words#@iavu1948f#290.82#291.316
718	сохран…	сохран…	X	_	_	_	punct	_	@iavu1948f-words#@iavu1948f#291.316#291.812
719	это	это	PRON	_	Animacy=Inan|Case=Nom|Gender=Neut|Number=Sing	_	nsubj	_	@iavu1948f-words#@iavu1948f#291.812#292.308
720	самосохранение	самосохранение	NOUN	_	Animacy=Inan|Case=Nom|Gender=Neut|Number=Sing	_	conj	_	@iavu1948f-words#@iavu1948f#292.308#292.81
721	если	если	SCONJ	_	_	_	mark	_	@iavu1948f-words#@iavu1948f#293.367#293.709
722	я	я	PRON	_	Case=Nom|Number=Sing|Person=1	_	nsubj	_	@iavu1948f-words#@iavu1948f#293.709#294.051
723	это	это	PRON	_	Animacy=Inan|Case=Acc|Gender=Neut|Number=Sing	_	obj	_	@iavu1948f-words#@iavu1948f#294.051#294.393
724	говорить	говорить	VERB	_	Aspect=Imp|VerbForm=Inf|Voice=Act	_	parataxis	_	@iavu1948f-words#@iavu1948f#294.393#294.735
725	не	не	PART	_	_	_	advmod	_	@iavu1948f-words#@iavu1948f#294.735#295.077
726	буду	быть	AUX	_	Aspect=Imp|Mood=Ind|Number=Sing|Person=1|Tense=Pres|VerbForm=Fin|Voice=Act	_	parataxis	_	@iavu1948f-words#@iavu1948f#295.077#295.419
727	нас…	мы	PRON	_	Case=Gen|Number=Plur|Person=1	_	punct	_	@iavu1948f-words#@iavu1948f#295.419#295.761
728	/	/	PUNCT	_	_	_	punct	_	@iavu1948f-words#@iavu1948f#295.761#296.103
729	тоже	тоже	PART	_	_	_	advmod	_	@iavu1948f-words#@iavu1948f#296.103#296.445
730	мы	мы	PRON	_	Case=Nom|Number=Plur|Person=1	_	nsubj	_	@iavu1948f-words#@iavu1948f#296.445#296.787
731	сидели	сидеть	VERB	_	Aspect=Imp|Mood=Ind|Number=Plur|Tense=Past|VerbForm=Fin|Voice=Act	_	acl	_	@iavu1948f-words#@iavu1948f#296.787#297.129
732	все	весь	DET	_	Case=Acc|Gender=Neut|Number=Sing	_	det	_	@iavu1948f-words#@iavu1948f#297.129#297.471
733	лето	лето	NOUN	_	Animacy=Inan|Case=Acc|Gender=Neut|Number=Sing	_	obj	_	@iavu1948f-words#@iavu1948f#297.471#297.813
734	перед	перед	ADP	_	_	_	case	_	@iavu1948f-words#@iavu1948f#297.813#298.155
735	олимпийскими	олимпийский	ADJ	_	Case=Ins|Degree=Pos|Number=Plur	_	amod	_	@iavu1948f-words#@iavu1948f#298.155#298.497
736	играми	игра	NOUN	_	Animacy=Inan|Case=Ins|Gender=Fem|Number=Plur	_	obl	_	@iavu1948f-words#@iavu1948f#298.497#298.839
737	шестнадцатого	шестнадцатый	ADJ	_	Case=Gen|Degree=Pos|Gender=Masc|Number=Sing	_	amod	_	@iavu1948f-words#@iavu1948f#298.839#299.181
738	года	год	NOUN	_	Animacy=Inan|Case=Gen|Gender=Masc|Number=Sing	_	nmod	_	@iavu1948f-words#@iavu1948f#299.181#299.523
739	и	и	CCONJ	_	_	_	cc	_	@iavu1948f-words#@iavu1948f#299.523#299.865
740	дрожали	дрожать	VERB	_	Aspect=Imp|Mood=Ind|Number=Plur|Tense=Past|VerbForm=Fin|Voice=Act	_	conj	_	@iavu1948f-words#@iavu1948f#299.865#300.207
741	/	/	PUNCT	_	_	_	punct	_	@iavu1948f-words#@iavu1948f#300.207#300.549
742	что	что	SCONJ	_	_	_	mark	_	@iavu1948f-words#@iavu1948f#300.549#300.891
743	могут…	мочь	VERB	_	Aspect=Imp|Mood=Ind|Number=Plur|Tense=Pres|VerbForm=Fin|Voice=Act	_	punct	_	@iavu1948f-words#@iavu1948f#300.891#301.233
744	могли	мочь	VERB	_	Aspect=Imp|Mood=Ind|Number=Plur|Tense=Past|VerbForm=Fin|Voice=Act	_	ccomp	_	@iavu1948f-words#@iavu1948f#301.233#301.575
745	всю	весь	DET	_	Case=Acc|Gender=Fem|Number=Sing	_	det	_	@iavu1948f-words#@iavu1948f#301.575#301.917
746	команду	команда	NOUN	_	Animacy=Inan|Case=Acc|Gender=Fem|Number=Sing	_	obj	_	@iavu1948f-words#@iavu1948f#301.917#302.259
747	снять	снять	VERB	_	Aspect=Perf|VerbForm=Inf|Voice=Act	_	xcomp	_	@iavu1948f-words#@iavu1948f#302.259#302.601
748	/	/	PUNCT	_	_	_	punct	_	@iavu1948f-words#@iavu1948f#302.601#302.943
749	всю	весь	DET	_	Case=Acc|Gender=Fem|Number=Sing	_	det	_	@iavu1948f-words#@iavu1948f#302.943#303.285
750	команду	команда	NOUN	_	Animacy=Inan|Case=Acc|Gender=Fem|Number=Sing	_	obl	_	@iavu1948f-words#@iavu1948f#303.285#303.627
751	России	Россия	PROPN	_	Animacy=Inan|Case=Gen|Gender=Fem|Number=Sing	_	nmod	_	@iavu1948f-words#@iavu1948f#303.627#303.975
752	и	и	CCONJ	_	_	_	cc	_	@iavu1948f-words#@iavu1948f#304.307#304.529
753	в	в	ADP	_	_	_	case	_	@iavu1948f-words#@iavu1948f#304.529#304.751
754	том	тот	DET	_	Case=Loc|Gender=Neut|Number=Sing	_	det	_	@iavu1948f-words#@iavu1948f#304.751#304.973
755	числе	число	NOUN	_	Animacy=Inan|Case=Loc|Gender=Neut|Number=Sing	_	conj	_	@iavu1948f-words#@iavu1948f#304.973#305.195
756	и	и	PART	_	_	_	advmod	_	@iavu1948f-words#@iavu1948f#305.195#305.417
757	художественную	художественный	ADJ	_	Case=Acc|Degree=Pos|Gender=Fem|Number=Sing	_	amod	_	@iavu1948f-words#@iavu1948f#305.417#305.639
758	гимнастику	гимнастика	NOUN	_	Animacy=Inan|Case=Acc|Gender=Fem|Number=Sing	_	obj	_	@iavu1948f-words#@iavu1948f#305.639#305.867
759	ну	ну	PART	_	_	_	parataxis	_	@iavu1948f-words#@iavu1948f#306.207#306.416
760	так	так	ADV	_	Degree=Pos	_	parataxis	_	@iavu1948f-words#@iavu1948f#306.416#306.625
761	п…	п…	X	_	_	_	punct	_	@iavu1948f-words#@iavu1948f#306.625#306.834
762	как	как	ADV	_	Degree=Pos	_	advmod	_	@iavu1948f-words#@iavu1948f#306.834#307.043
763	же	же	PART	_	_	_	advmod	_	@iavu1948f-words#@iavu1948f#307.043#307.252
764	я	я	PRON	_	Case=Nom|Number=Sing|Person=1	_	nsubj	_	@iavu1948f-words#@iavu1948f#307.252#307.461
765	не	не	PART	_	_	_	advmod	_	@iavu1948f-words#@iavu1948f#307.461#307.67
766	буду	быть	AUX	_	Aspect=Imp|Mood=Ind|Number=Sing|Person=1|Tense=Pres|VerbForm=Fin|Voice=Act	_	aux	_	@iavu1948f-words#@iavu1948f#307.67#307.879
767	говорить	говорить	VERB	_	Aspect=Imp|VerbForm=Inf|Voice=Act	_	xcomp	_	@iavu1948f-words#@iavu1948f#307.879#308.088
768	это	это	PRON	_	Animacy=Inan|Case=Acc|Gender=Neut|Number=Sing	_	obj	_	@iavu1948f-words#@iavu1948f#308.088#308.297
769	/	/	PUNCT	_	_	_	punct	_	@iavu1948f-words#@iavu1948f#308.297#308.506
770	я	я	PRON	_	Case=Nom|Number=Sing|Person=1	_	nsubj	_	@iavu1948f-words#@iavu1948f#308.506#308.715
771	побегу	побежать	VERB	_	Aspect=Perf|Mood=Ind|Number=Sing|Person=1|Tense=Pres|VerbForm=Fin|Voice=Act	_	conj	_	@iavu1948f-words#@iavu1948f#308.715#308.925
772	нет	нет	PART	_	_	_	mark	_	@iavu1948f-words#@iavu1948f#330.11#330.373
773	это	это	PART	_	_	_	nsubj	_	@iavu1948f-words#@iavu1948f#330.373#330.636
774	не	не	PART	_	_	_	advmod	_	@iavu1948f-words#@iavu1948f#330.636#330.899
775	была	быть	VERB	_	Aspect=Imp|Gender=Fem|Mood=Ind|Number=Sing|Tense=Past|VerbForm=Fin|Voice=Act	_	cop	_	@iavu1948f-words#@iavu1948f#330.899#331.162
776	политика	политика	NOUN	_	Animacy=Inan|Case=Nom|Gender=Fem|Number=Sing	_	nsubj	_	@iavu1948f-words#@iavu1948f#331.162#331.428
777	были	быть	VERB	_	Aspect=Imp|Mood=Ind|Number=Plur|Tense=Past|VerbForm=Fin|Voice=Act	_	cop	_	@iavu1948f-words#@iavu1948f#332.025#332.387
778	случаи	случай	NOUN	_	Animacy=Inan|Case=Nom|Gender=Masc|Number=Plur	_	advcl	_	@iavu1948f-words#@iavu1948f#332.387#332.749
779	/	/	PUNCT	_	_	_	punct	_	@iavu1948f-words#@iavu1948f#332.749#333.111
780	которые	который	DET	_	Case=Nom	_	nsubj:pass	_	@iavu1948f-words#@iavu1948f#333.111#333.473
781	доказаны	доказать	VERB	_	Aspect=Perf|Number=Plur|Tense=Past|Variant=Short|VerbForm=Part|Voice=Pass	_	acl:relcl	_	@iavu1948f-words#@iavu1948f#333.473#333.835
782	/	/	PUNCT	_	_	_	punct	_	@iavu1948f-words#@iavu1948f#333.835#334.197
783	и	и	CCONJ	_	_	_	cc	_	@iavu1948f-words#@iavu1948f#334.197#334.559
784	не	не	PART	_	_	_	advmod	_	@iavu1948f-words#@iavu1948f#334.559#334.921
785	только	только	PART	_	_	_	advmod	_	@iavu1948f-words#@iavu1948f#334.921#335.283
786	Родченко	Родченко	PROPN	_	Animacy=Anim|Case=Ins|Gender=Masc|Number=Sing	_	conj	_	@iavu1948f-words#@iavu1948f#335.283#335.645
787	/	/	PUNCT	_	_	_	punct	_	@iavu1948f-words#@iavu1948f#335.645#336.007
788	но	но	CCONJ	_	_	_	cc	_	@iavu1948f-words#@iavu1948f#336.007#336.369
789	и	и	PART	_	_	_	advmod	_	@iavu1948f-words#@iavu1948f#336.369#336.731
790	другими	другой	ADJ	_	Case=Ins|Degree=Pos|Number=Plur	_	amod	_	@iavu1948f-words#@iavu1948f#336.731#337.093
791	моментами	момент	NOUN	_	Animacy=Inan|Case=Ins|Gender=Masc|Number=Plur	_	obl	_	@iavu1948f-words#@iavu1948f#337.093#337.455
792	истины	ИСТИНА	NOUN	_	Animacy=Inan|Case=Gen|Gender=Fem|Number=Sing	_	nmod	_	@iavu1948f-words#@iavu1948f#337.455#337.818
793	щас	сейчас	ADV	_	Degree=Pos	_	advmod	_	@iavu1948f-words#@iavu1948f#338.029#338.337
794	стали	стать	VERB	_	Aspect=Perf|Mood=Ind|Number=Plur|Tense=Past|VerbForm=Fin|Voice=Act	_	conj	_	@iavu1948f-words#@iavu1948f#338.337#338.645
795	проверять	проверять	VERB	_	Aspect=Imp|VerbForm=Inf|Voice=Act	_	xcomp	_	@iavu1948f-words#@iavu1948f#338.645#338.953
796	другие	другой	ADJ	_	Animacy=Inan|Case=Acc|Degree=Pos|Number=Plur	_	amod	_	@iavu1948f-words#@iavu1948f#338.953#339.261
797	соревнования	соревнование	NOUN	_	Animacy=Inan|Case=Acc|Gender=Neut|Number=Plur	_	obj	_	@iavu1948f-words#@iavu1948f#339.261#339.569
798	/	/	PUNCT	_	_	_	punct	_	@iavu1948f-words#@iavu1948f#339.569#339.877
799	и	и	CCONJ	_	_	_	cc	_	@iavu1948f-words#@iavu1948f#339.877#340.185
800	в	в	ADP	_	_	_	case	_	@iavu1948f-words#@iavu1948f#340.185#340.493
801	Китае	Китай	PROPN	_	Animacy=Inan|Case=Loc|Gender=Masc|Number=Sing	_	conj	_	@iavu1948f-words#@iavu1948f#340.493#340.801
802	были	быть	VERB	_	Aspect=Imp|Mood=Ind|Number=Plur|Tense=Past|VerbForm=Fin|Voice=Act	_	cop	_	@iavu1948f-words#@iavu1948f#340.801#341.109
803	/	/	PUNCT	_	_	_	punct	_	@iavu1948f-words#@iavu1948f#341.109#341.417
804	и	и	CCONJ	_	_	_	cc	_	@iavu1948f-words#@iavu1948f#341.417#341.725
805	в	в	ADP	_	_	_	case	_	@iavu1948f-words#@iavu1948f#341.725#342.033
806	Америке	Америка	PROPN	_	Animacy=Inan|Case=Loc|Gender=Fem|Number=Sing	_	conj	_	@iavu1948f-words#@iavu1948f#342.033#342.341
807	были	быть	VERB	_	Aspect=Imp|Mood=Ind|Number=Plur|Tense=Past|VerbForm=Fin|Voice=Act	_	cop	_	@iavu1948f-words#@iavu1948f#342.341#342.649
808	/	/	PUNCT	_	_	_	punct	_	@iavu1948f-words#@iavu1948f#342.649#342.957
809	и	и	CCONJ	_	_	_	cc	_	@iavu1948f-words#@iavu1948f#342.957#343.265
810	вот	вот	PART	_	_	_	advmod	_	@iavu1948f-words#@iavu1948f#343.265#343.573
811	сейчас	сейчас	ADV	_	Degree=Pos	_	advmod	_	@iavu1948f-words#@iavu1948f#343.573#343.881
812	художественная	художественный	ADJ	_	Case=Nom|Degree=Pos|Gender=Fem|Number=Sing	_	amod	_	@iavu1948f-words#@iavu1948f#343.881#344.189
813	гимнастика	гимнастика	NOUN	_	Animacy=Inan|Case=Nom|Gender=Fem|Number=Sing	_	nsubj	_	@iavu1948f-words#@iavu1948f#344.189#344.497
814	в	в	ADP	_	_	_	case	_	@iavu1948f-words#@iavu1948f#344.497#344.805
815	Америке	Америка	PROPN	_	Animacy=Inan|Case=Loc|Gender=Fem|Number=Sing	_	nmod	_	@iavu1948f-words#@iavu1948f#344.805#345.113
816	тоже	тоже	PART	_	_	_	advmod	_	@iavu1948f-words#@iavu1948f#345.113#345.421
817	/	/	PUNCT	_	_	_	punct	_	@iavu1948f-words#@iavu1948f#345.421#345.729
818	попалась	попасться	VERB	_	Aspect=Perf|Gender=Fem|Mood=Ind|Number=Sing|Tense=Past|VerbForm=Fin|Voice=Mid	_	conj	_	@iavu1948f-words#@iavu1948f#345.729#346.037
819	девочка	девочка	NOUN	_	Animacy=Anim|Case=Nom|Gender=Fem|Number=Sing	_	nsubj	_	@iavu1948f-words#@iavu1948f#346.037#346.367
820	ну	ну	PART	_	_	_	parataxis	_	@iavu1948f-words#@iavu1948f#346.593#346.943
821	не	не	PART	_	_	_	advmod	_	@iavu1948f-words#@iavu1948f#346.943#347.293
822	на	на	ADP	_	_	_	case	_	@iavu1948f-words#@iavu1948f#347.293#347.643
823	допинге	допинг	NOUN	_	Animacy=Inan|Case=Loc|Gender=Neut|Number=Sing	_	obl	_	@iavu1948f-words#@iavu1948f#347.643#347.993
824	конечно	конечно	ADV	_	Degree=Pos	_	advmod	_	@iavu1948f-words#@iavu1948f#347.993#348.343
825	на	на	ADP	_	_	_	case	_	@iavu1948f-words#@iavu1948f#348.343#348.693
826	запрещенном	запретить	VERB	_	Aspect=Perf|Case=Loc|Gender=Masc|Number=Sing|Tense=Past|VerbForm=Part|Voice=Pass	_	amod	_	@iavu1948f-words#@iavu1948f#348.693#349.043
827	препарате	препарат	NOUN	_	Animacy=Inan|Case=Loc|Gender=Masc|Number=Sing	_	obl	_	@iavu1948f-words#@iavu1948f#349.043#349.393
828	/	/	PUNCT	_	_	_	punct	_	@iavu1948f-words#@iavu1948f#349.393#349.743
829	который	который	DET	_	Case=Nom	_	nsubj	_	@iavu1948f-words#@iavu1948f#349.743#350.093
830	называется	называться	VERB	_	Aspect=Imp|Mood=Ind|Number=Sing|Person=3|Tense=Pres|VerbForm=Fin|Voice=Mid	_	parataxis	_	@iavu1948f-words#@iavu1948f#350.093#350.443
831	фуросемид	фуросемид	NOUN	_	Animacy=Inan|Case=Nom|Gender=Masc|Number=Sing	_	case	_	@iavu1948f-words#@iavu1948f#350.443#350.796
832	они	они	PRON	_	Case=Nom|Number=Plur|Person=3	_	obl	_	@iavu1948f-words#@iavu1948f#351.076#351.39
833	его	он	PRON	_	Case=Acc|Gender=Masc|Number=Sing|Person=3	_	obj	_	@iavu1948f-words#@iavu1948f#351.39#351.704
834	ко…	колоть	VERB	_	Aspect=Imp|Mood=Ind|Number=Plur|Person=3|Tense=Pres|VerbForm=Fin|Voice=Act	_	punct	_	@iavu1948f-words#@iavu1948f#351.704#352.018
835	кушают	кушать	VERB	_	Aspect=Imp|Mood=Ind|Number=Plur|Person=3|Tense=Pres|VerbForm=Fin|Voice=Act	_	conj	_	@iavu1948f-words#@iavu1948f#352.018#352.332
836	для	для	ADP	_	_	_	case	_	@iavu1948f-words#@iavu1948f#352.332#352.646
837	того	то	PRON	_	Animacy=Inan|Case=Gen|Gender=Neut|Number=Sing	_	obl	_	@iavu1948f-words#@iavu1948f#352.646#352.96
838	чтобы	чтобы	SCONJ	_	Mood=Cnd	_	mark	_	@iavu1948f-words#@iavu1948f#352.96#353.274
839	похудеть	похудеть	VERB	_	Aspect=Perf|VerbForm=Inf|Voice=Act	_	advcl	_	@iavu1948f-words#@iavu1948f#353.274#353.588
840	/	/	PUNCT	_	_	_	punct	_	@iavu1948f-words#@iavu1948f#353.588#353.902
841	понимаете	понимать	VERB	_	Aspect=Imp|Mood=Ind|Number=Plur|Person=2|Tense=Pres|VerbForm=Fin|Voice=Act	_	parataxis	_	@iavu1948f-words#@iavu1948f#353.902#354.216
842	но	но	CCONJ	_	_	_	cc	_	@iavu1948f-words#@iavu1948f#354.216#354.53
843	это	это	PART	_	_	_	nsubj	_	@iavu1948f-words#@iavu1948f#354.53#354.844
844	тоже	тоже	PART	_	_	_	advmod	_	@iavu1948f-words#@iavu1948f#354.844#355.158
845	запрещенный	запретить	VERB	_	Animacy=Inan|Aspect=Perf|Case=Acc|Gender=Masc|Number=Sing|Tense=Past|VerbForm=Part|Voice=Pass	_	amod	_	@iavu1948f-words#@iavu1948f#355.158#355.472
846	препарат	препарат	NOUN	_	Animacy=Inan|Case=Acc|Gender=Masc|Number=Sing	_	conj	_	@iavu1948f-words#@iavu1948f#355.472#355.796
847	и	и	CCONJ	_	_	_	cc	_	@iavu1948f-words#@iavu1948f#356.409#356.721
848	поэтому	поэтому	ADV	_	Degree=Pos	_	advmod	_	@iavu1948f-words#@iavu1948f#356.721#357.033
849	тут	тут	ADV	_	Degree=Pos	_	advmod	_	@iavu1948f-words#@iavu1948f#357.033#357.345
850	тянется	тянуться	VERB	_	Aspect=Imp|Mood=Ind|Number=Sing|Person=3|Tense=Pres|VerbForm=Fin|Voice=Mid	_	conj	_	@iavu1948f-words#@iavu1948f#357.345#357.657
851	одно	один	DET	_	Case=Nom|Degree=Pos|Gender=Neut|Number=Sing	_	advmod	_	@iavu1948f-words#@iavu1948f#357.657#357.969
852	за	за	ADP	_	_	_	fixed	_	@iavu1948f-words#@iavu1948f#357.969#358.281
853	другим	другой	ADJ	_	Case=Ins|Degree=Pos|Gender=Neut|Number=Sing	_	fixed	_	@iavu1948f-words#@iavu1948f#358.281#358.593
854	одно	один	DET	_	Case=Nom|Degree=Pos|Gender=Neut|Number=Sing	_	nsubj	_	@iavu1948f-words#@iavu1948f#358.593#358.905
855	за	за	ADP	_	_	_	case	_	@iavu1948f-words#@iavu1948f#358.905#359.217
856	другим	другой	ADJ	_	Case=Ins|Degree=Pos|Gender=Neut|Number=Sing	_	obl	_	@iavu1948f-words#@iavu1948f#359.217#359.529
857	/	/	PUNCT	_	_	_	punct	_	@iavu1948f-words#@iavu1948f#359.529#359.841
858	и	и	CCONJ	_	_	_	cc	_	@iavu1948f-words#@iavu1948f#359.841#360.153
859	вот	вот	PART	_	_	_	advmod	_	@iavu1948f-words#@iavu1948f#360.153#360.465
860	пожалуйста	пожалуйста	INTJ	_	_	_	parataxis	_	@iavu1948f-words#@iavu1948f#360.465#360.777
861	/	/	PUNCT	_	_	_	punct	_	@iavu1948f-words#@iavu1948f#360.777#361.089
862	и	и	CCONJ	_	_	_	cc	_	@iavu1948f-words#@iavu1948f#361.089#361.401
863	все	весь	DET	_	Case=Nom|Gender=Neut|Number=Sing	_	det	_	@iavu1948f-words#@iavu1948f#361.401#361.713
864	это	это	PRON	_	Animacy=Inan|Case=Nom|Gender=Neut|Number=Sing	_	nsubj	_	@iavu1948f-words#@iavu1948f#361.713#362.025
865	выливается	выливаться	VERB	_	Aspect=Imp|Mood=Ind|Number=Sing|Person=3|Tense=Pres|VerbForm=Fin|Voice=Mid	_	conj	_	@iavu1948f-words#@iavu1948f#362.025#362.337
866	в	в	ADP	_	_	_	case	_	@iavu1948f-words#@iavu1948f#362.337#362.649
867	пропаганду	пропаганда	NOUN	_	Animacy=Inan|Case=Acc|Gender=Fem|Number=Sing	_	obl	_	@iavu1948f-words#@iavu1948f#362.649#362.961
868	и…	и	CCONJ	_	_	_	punct	_	@iavu1948f-words#@iavu1948f#362.961#363.273
869	/	/	PUNCT	_	_	_	punct	_	@iavu1948f-words#@iavu1948f#363.273#363.585
870	на	на	ADP	_	_	_	case	_	@iavu1948f-words#@iavu1948f#363.585#363.897
871	которую	который	DET	_	Case=Acc	_	obl	_	@iavu1948f-words#@iavu1948f#363.897#364.209
872	тратятся	тратитьcz	VERB	_	Aspect=Imp|Mood=Ind|Number=Plur|Person=3|Tense=Pres|VerbForm=Fin|Voice=Pass	_	acl:relcl	_	@iavu1948f-words#@iavu1948f#364.209#364.521
873	колоссальные	колоссальный	ADJ	_	Case=Nom|Degree=Pos|Number=Plur	_	amod	_	@iavu1948f-words#@iavu1948f#364.521#364.833
874	деньги	деньги	NOUN	_	Animacy=Inan|Case=Nom|Gender=Fem|Number=Plur	_	nsubj:pass	_	@iavu1948f-words#@iavu1948f#364.833#365.145
875	как	как	ADV	_	Degree=Pos	_	advmod	_	@iavu1948f-words#@iavu1948f#365.145#365.457
876	вы	вы	PRON	_	Case=Nom|Number=Plur|Person=2	_	nsubj	_	@iavu1948f-words#@iavu1948f#365.457#365.769
877	знаете	знать	VERB	_	Aspect=Imp|Mood=Ind|Number=Plur|Person=2|Tense=Pres|VerbForm=Fin|Voice=Act	_	parataxis	_	@iavu1948f-words#@iavu1948f#365.769#366.097
